text,category,id,label
京城最值得你来场文化之旅的博物馆,news_culture,6551700932705387022,non-sensitive
发酵床的垫料种类有哪些？哪种更好？,news_culture,6552368441838272771,non-sensitive
上联：黄山黄河黄皮肤黄土高原。怎么对下联？,news_culture,6552407965343678723,non-sensitive
林徽因什么理由拒绝了徐志摩而选择梁思成为终身伴侣？,news_culture,6552332417753940238,non-sensitive
黄杨木是什么树？,news_culture,6552475601595269390,non-sensitive
上联：草根登上星光道，怎么对下联？,news_culture,6552387648126714125,non-sensitive
什么是超写实绘画？,news_culture,6552271725814350087,non-sensitive
松涛听雨莺婉转，下联？,news_culture,6552452982015787268,non-sensitive
上联：老子骑牛读书，下联怎么对？,news_culture,6552400379030536455,non-sensitive
上联：山水醉人何须酒。如何对下联？,news_culture,6552339283632455939,non-sensitive
国画山水，如何读懂山水画,news_culture,6552387367334838792,non-sensitive
一元硬币是这种，现在价值24000元，找找看！,news_culture,6552314684383429128,non-sensitive
有哪些让人感动的语句呢？,news_culture,6552128476109865229,non-sensitive
上联，绿竹引清风，如何对下联？,news_culture,6552447749072093453,non-sensitive
赵宁安作品欣赏,news_culture,6552301380562846215,non-sensitive
夕阳无语燕归愁，如何接下句？,news_culture,6552263394420850951,non-sensitive
上联：山水醉人何须酒。如何对下联？,news_culture,6552290314294395139,non-sensitive
上联：上班为下班，如何对下联？,news_culture,6552462208314376462,non-sensitive
下联:夕陽西下已黄昏。上联是什麽？,news_culture,6552311866947797262,non-sensitive
初夏方好，小荷初露，一起来读那些美不胜收的咏荷经典诗词,news_culture,6552466638304707079,non-sensitive
谢娜为李浩菲澄清网络谣言，之后她的两个行为给自己加分,news_entertainment,6552431613437805063,non-sensitive
谢娜曾为他与主办方撕破脸！谢娜复出快本！他第一个到场支持！,news_entertainment,6552320560913711629,non-sensitive
中国网红竟红到美国？不多说了，连小编都心动了,news_entertainment,6552390546051039747,non-sensitive
赵丽颖很久没有登上微博热搜了，但你们别急，她只是在憋大招而已,news_entertainment,6552150358678831624,non-sensitive
因戴一个眼镜更改变气质的6大娱乐圈明星，你最喜欢哪一个,news_entertainment,6552408585177924099,non-sensitive
后来的我们，抢先看,news_entertainment,6552147830184608263,non-sensitive
超级英雄演员颜值身材排名，钢铁侠进不了前5，第一名很意外,news_entertainment,6552472345548685837,non-sensitive
《无限歌谣季》热播 张绍刚毛不易组合似“父子”,news_entertainment,6552385284682547716,non-sensitive
张靓颖透露右耳已经间歇性失聪10年，这些年她都是怎么过来的啊,news_entertainment,6552364464715334151,non-sensitive
成龙改口决定不裸捐了，20亿财产给儿子一半，你怎么看？,news_entertainment,6552310157706002702,non-sensitive
五大“出轨“女明星，最后一个你们肯定不知道！,news_entertainment,6552286735408038403,non-sensitive
认真搞笑的男人最帅！大张伟不张嘴就是美男子之最！蜜汁好看~,news_entertainment,6552269871697101315,non-sensitive
谢娜三喜临门，何炅送祝福，吴昕送祝福，只有沈梦辰不一样,news_entertainment,6552418723179790856,non-sensitive
如何评价赵丽颖？,news_entertainment,6552283654494617859,non-sensitive
有哪些偏冷门的歌曲推荐？,news_entertainment,6552453686398812423,non-sensitive
“整容狂人”的审美，恕欣赏不来,news_entertainment,6552383324696871427,non-sensitive
杨幂景甜徐冬冬唐嫣 不好好穿衣却美的有趣又撩人,news_entertainment,6552390851157295629,non-sensitive
吴卓林：你父母固然有责任，但最大的责任还是在于你自己！,news_entertainment,6552445894711575043,non-sensitive
《天乩战之白蛇传说》赵雅芝和杨紫饰演母女会擦出什么样的火花？,news_entertainment,6552351831668818435,non-sensitive
他是最帅反派专业户，演《古惑仔》大火，今病魔缠身可怜无人识！,news_entertainment,6552474018920792580,non-sensitive
亚洲杯夺冠赔率：日本、伊朗领衔 中国竟与泰国并列,news_sports,6552309039697494532,non-sensitive
9轮4球本土射手仅次武磊 黄紫昌要抢最强U23头衔,news_sports,6552477789642031623,non-sensitive
如果今年勇士夺冠，下赛季詹姆斯何去何从？,news_sports,6552495859798376712,non-sensitive
超级替补！科斯塔本赛季替补出场贡献7次助攻,news_sports,6552202204621570574,non-sensitive
骑士6天里发生了啥？从首轮抢七到次轮3-0猛龙,news_sports,6552409639911162381,non-sensitive
如果朗多进入转会市场，哪些球队适合他？,news_sports,6552470008188895491,non-sensitive
詹姆斯G3决杀，你怎么看？,news_sports,6552316209847599367,non-sensitive
大魔王带头唱歌！火箭这像是打季后赛？爵士神帅这话已提前投降了,news_sports,6552295807171691022,non-sensitive
马夏尔要去切尔西？可以商量，不过穆里尼奥的要价是4000万加威廉,news_sports,6552452056043487748,non-sensitive
利希施泰纳宣布赛季结束后离队：我需要新的挑战,news_sports,6552287279061139972,non-sensitive
怎么样看待大连一方在中超联赛第九轮取得的赛季首胜？,news_sports,6552325997813825805,non-sensitive
科勒·卡戴珊与男友TT共进午餐，曾在他怀孕期间偷腥的渣男被原,news_sports,6552468503452975630,non-sensitive
作为央视体育体育频道，CCTV5一到周末就直播马拉松你怎么看？,news_sports,6552312104492204301,non-sensitive
如果2018骑士夺冠，詹姆斯这个冠军的含金量有多大？,news_sports,6552332687678374151,non-sensitive
昔日中超金靴半场独造6球虐爆辽足 华夏送走他后悔吗？,news_sports,6552466727995703815,non-sensitive
NBA历史排名前十都有谁？,news_sports,6552416247298916612,non-sensitive
你希望利物浦赢得欧冠吗？巴萨主帅巴尔韦德的回答耐人寻味,news_sports,6552354211424633352,non-sensitive
绝杀！詹姆斯38+7再创传奇一刻，两护法创另类神迹更功不可没,news_sports,6552314862163198471,non-sensitive
再现绝杀！今天的老詹怎么吹,news_sports,6552304431164031502,non-sensitive
拜仁3比1逆转科隆，J罗现世界级做饼,news_sports,6552404265724281357,non-sensitive
法治聚焦｜多部门联合发文规范民间借贷，严厉打击暴力催收,news_finance,6552375446955098627,non-sensitive
中国最独特的公司，温氏究竟厉害在哪里？,news_finance,6552249357389791758,non-sensitive
投P2P本金加12%利息全打水漂 后来我开始研究贷款,news_finance,6552392199802192391,non-sensitive
5月31号前，企业需完成汇算清缴工作，会计注意这5个细节问题,news_finance,6552423505156112899,non-sensitive
下周一（5.7日）手上持有这些股的要小心,news_finance,6552393713924964872,non-sensitive
5万元资金，该做什么行业？,news_finance,6552284551496859908,non-sensitive
信用卡账单免息期与最长50天免息还款技巧大全！,news_finance,6552465616924574222,non-sensitive
美增加关税，为何人民币不降反升？,news_finance,6552379453605937422,non-sensitive
冯天睿：5.6千三大关何以告破 黄金原油下周一操作建议,news_finance,6552381513936142862,non-sensitive
报名｜界面资本论坛热点前瞻：各界共议“创造可持续价值”,news_finance,6552128165496488456,non-sensitive
2017年的巴菲特股东大会有哪些看点？,news_finance,6552367589337596174,non-sensitive
巴菲特：美国人生活会越来越好 比洛克菲勒都要过得好,news_finance,6552171081761817091,non-sensitive
践行“军民融合”，助力“一带一路”,news_finance,6552135862929326600,non-sensitive
重磅：“5050”计划打造全国人才生态最优区 “国际滨”蓄势待发,news_finance,6552348488141636099,non-sensitive
不仅首季业绩持续高增长，这些股中期业绩仍可期,news_finance,6552493681381736963,non-sensitive
目前有35万存款，怎样在短期之内翻倍？,news_finance,6552479093923774734,non-sensitive
中兴通讯：关于重大事项进展公告,news_finance,6552387539792036360,non-sensitive
好好把握比特币的调整 每次都是机会,news_finance,6552474712801280520,non-sensitive
寻找地产界“最强大脑”——中国房企2018年度CFO评选启幕,news_finance,6552356541591192067,non-sensitive
独角兽药明康德周二上市，但一季报净利已现业绩下滑,news_finance,6552451858437243395,non-sensitive
杭州哪里还有“1万+”的新房？优先选择哪一个？,news_house,6552303945463628301,non-sensitive
三明贵溪洋拟建服务型公寓，共300多套！附市区5月份二手房价,news_house,6552357571120857607,non-sensitive
互联侃谈：霍官泰和他的楼花，房地产的行业，到底有多深？,news_house,6552472831328780803,non-sensitive
山东最新17市的房价出炉了！快看，你家房价的走向！是真高！,news_house,6552418506741121544,non-sensitive
物业公司的服务水准非常烂，该怎么解决？,news_house,6552413070562427144,non-sensitive
实行房产税和遗产税之后小产权房怎么办？,news_house,6552300361216950531,non-sensitive
成都摇号选房·天立世纪华府——彭州清水均价5476，不是投资处,news_house,6552327554336817678,non-sensitive
「头条」2018-金色里程，最新详情解析！马鞍山当涂住宅！,news_house,6552296976585589251,non-sensitive
瞭望刊文：房地产税改革渐行渐近 还需突破四个阻力区,news_house,6552301698050687501,non-sensitive
四川巴中有哪些好的装修队？,news_house,6552494403947069704,non-sensitive
房屋被征收方强拆，已过起诉时效，还有什么救济方法？,news_house,6551907587439198723,non-sensitive
惠州惠阳13000一平的房子值得买吗？,news_house,6552272429509509389,non-sensitive
铜梁的房价是多少？,news_house,6552403967991611662,non-sensitive
售楼闺蜜告诉我，这几种户型的房子万万别买，后悔我家买错了,news_house,6552316609770291726,non-sensitive
未来房价会跌到什么程度？,news_house,6552397419261198606,non-sensitive
未来房价会跌到什么程度？,news_house,6552387849344254222,non-sensitive
2018年的房价回是什么趋势？,news_house,6552295326462509575,non-sensitive
五月份是买房的好时间吗？,news_house,6552327314498126083,non-sensitive
火爆的楼市现状，刚需最后的上车机会？,news_house,6552114549741322766,non-sensitive
青岛这个区牛了！要建奥特莱斯、银座……还通地铁！,news_house,6552236298344595982,non-sensitive
将SUV和轿车融合在一起的新款沃尔沃，值得买吗？,news_car,6552322499793649924,non-sensitive
又一款国产中大型7座SUV将于后天正式上市，你喜欢吗？,news_car,6552468141958496781,non-sensitive
名爵ZS纯电版车型曝光，电子旋钮换挡，2018下半年上市！,news_car,6552475198212276750,non-sensitive
重机云集的醉美江南机车节上谁“最美”？胡军李亚鹏告诉你答案,news_car,6552134625018249735,non-sensitive
地表最强1.2T自主紧凑SUV即将上市，动力甩合资几条街,news_car,6552100339200295438,non-sensitive
裸车价10万以内家用轿车有什么推荐？,news_car,6552410907182366990,non-sensitive
荣威MARVEL X首发如何做到“三过硬五第一”？,news_car,6552363085091307780,non-sensitive
同为2.0t的VV5和RX5该怎么选？哪款性价比高？,news_car,6552474475613389063,non-sensitive
越来越多夫妻自驾游不去酒店，义乌造“房车神器”，真是大开眼界,news_car,6552247840540721671,non-sensitive
五菱宏光可以换发动机吗？噪音有点大，想换个大众的发动机，可行吗？,news_car,6552489746281529613,non-sensitive
曝光台：违反禁令标志,news_car,6551548654044316163,non-sensitive
众泰这次又火了，全新车标比“玛莎拉蒂”还帅气！,news_car,6552397614560576014,non-sensitive
「新车」国产奔驰A级三厢正式亮相 豪华紧凑型轿车的新标杆,news_car,6552406371462021635,non-sensitive
在华销量破10万，限量版跑车售罄，CX-8成热点，马自达信心大增,news_car,6552332997431919111,non-sensitive
夏季暴晒很伤车！精明领导这样做，汽车寿命多延续5年，真凉爽,news_car,6552253258084123150,non-sensitive
5月10日起，德州开发区这个路口开始抓拍“不礼让斑马线”！,news_car,6552441452339659267,non-sensitive
汉腾汽车首款MPV，想做车市黑马，先问问宝骏730同意不,news_car,6552382749393551885,non-sensitive
十万元能上路的汽车，买什么比较好？,news_car,6552416756030243080,non-sensitive
李嘉诚这次火了，投资51亿，新车颜值不输特斯拉，董明珠都羡慕！,news_car,6552296183421731336,non-sensitive
那天，我亲自送老公去开房,news_car,6552307079355302408,non-sensitive
奥数天才当教师，人生换轨，何来坠落,news_edu,6552294650537837070,non-sensitive
儿子的同学借给他几本书，说是作文想得“奖”，熟记下来准没错,news_edu,6552372463005598212,non-sensitive
杨振宁说：把中学生送到美国读书非常危险，你怎么评价？,news_edu,6552290807167058184,non-sensitive
猪伪狂犬苗的免疫方案怎么做？,news_edu,6552328105527083268,non-sensitive
孩子英语不好，时态分不清，该怎么办？,news_edu,6552401901990707469,non-sensitive
没有教不会的学生，只有不会教的老师，这说法正确吗？,news_edu,6552313119366971651,non-sensitive
合肥有哪些计算机培训学习机构？,news_edu,6552282576759816455,non-sensitive
基金从业资格证书的含金量怎么样？,news_edu,6552420799335104775,non-sensitive
"找工作要学历,学历等于能力吗？",news_edu,6552405148759490823,non-sensitive
北大校长口误念错发音 发表致歉信公开道歉,news_edu,6552377382408290830,non-sensitive
英汉句子：这个世界，没有偶然,news_edu,6551546790531826189,non-sensitive
西南大学的师范专业在师范类排在什么位置？,news_edu,6552449759905317128,non-sensitive
奥运冠军领跑，省实南海5000家长学生共赴亲子跑,news_edu,6552484893996089870,non-sensitive
你见过最努力的人现在都变成什么样子了？,news_edu,6552281009172250884,non-sensitive
高三学生如何合理安排暑假？,news_edu,6552365402876281091,non-sensitive
江西高考重大发布！关于录取和志愿填报，看这一篇就够了！,news_edu,6552293050754793992,non-sensitive
没有爱，就没有教育！江门开平一幼儿园收到家长亲笔写的“情书”,news_edu,6552394766321975816,non-sensitive
肥沃的近义词是什么？,news_edu,6552355723748049166,non-sensitive
特警进重庆川外当老师，手把手教“女子防身术”,news_edu,6552471417135301133,non-sensitive
就业对接直入校园 广州大学城创新招聘会吸引过千人参加,news_edu,6552309349262295560,non-sensitive
苹果公司现金流近三千亿美元，会有收购阿里巴巴的可能性吗？,news_tech,6552443882590699783,non-sensitive
15 分钟参透比特币和区块链,news_tech,6552384446178263560,non-sensitive
微信支付是否已远远超过支付宝？,news_tech,6552485591915692292,non-sensitive
如果腾讯不再免费，QQ和微信月租50元，中国还会有多少人继续用？,news_tech,6552280614005899523,non-sensitive
如果所有银行不让支付宝绑定银行卡了，支付宝会怎样？,news_tech,6552296864044024077,non-sensitive
马化腾回应腾讯没有梦想，他回应说的话符合他一直做的吗？,news_tech,6552320508447162628,non-sensitive
京东市值3个月蒸发1200亿，为何屡遭机构唱空？,news_tech,6552482135226188039,non-sensitive
未来取代app通信的方向在哪里？,news_tech,6552319168148930823,non-sensitive
阿里巴巴准备扩张东南亚市场,news_tech,6552496405670265348,non-sensitive
Fullestop调研VR技术在不同行业都存在影响力,news_tech,6552130347214045710,non-sensitive
网友数博会：大数据与实体经济融合发展，贵州焕发新动力,news_tech,6552281358536802820,non-sensitive
手机天气软件哪个最好？,news_tech,6552448661727478030,non-sensitive
净网2018，打击网络黑色产业链,news_tech,6552268643076407812,non-sensitive
你如何看待央视盛赞支付宝？,news_tech,6552273121020215556,non-sensitive
玉米在播种前，需要二次包衣吗，为什么呢？,news_tech,6552312594357551367,non-sensitive
偶尔玩游戏，小米mix2续航怎么样？,news_tech,6552370092556943629,non-sensitive
北京西二旗月薪5万的程序员真实生活状态什么样子的？,news_tech,6552425259633475843,non-sensitive
深圳地铁“扫码过闸”下周二正式上线,news_tech,6552357649327849988,non-sensitive
哪些行为在产品开发中是耍流氓？,news_tech,6552360988279046404,non-sensitive
联想被踢出恒生指数，是什么导致了联想现在的这种境地？,news_tech,6552342158215479565,non-sensitive
以色列警告称如果战机被击落将会轰炸俄军事基地，你怎么看？,news_military,6552400743796572429,non-sensitive
如果在距离地球500公里的太空引爆一颗五千万弹量的氢弹，会怎么样？,news_military,6552172312798429444,non-sensitive
日本的93式氧气鱼雷威力为什么那么大？,news_military,6552452526594064643,non-sensitive
军演时来敌人了怎么办？,news_military,6552312289586839816,non-sensitive
美出台国防授权法案应对中俄竞争，国防预算超7000亿美元,news_military,6552387440152150536,non-sensitive
越南拥有110余万军队，为何越南军队最擅长布置竹签阵？,news_military,6552347705409011972,non-sensitive
美军终于怕了：彩虹无人机已实战干掉300多目标,news_military,6552290168697520654,non-sensitive
雄风不再：俄罗斯图-22M轰炸机群已现旧态,news_military,6551731822361838088,non-sensitive
美航母刚在叙利亚空袭，俄军就果断亮剑：美军这下危险了,news_military,6552246212412572173,non-sensitive
东风21D的战略威慑究竟有多大？,news_military,6552306716527034627,non-sensitive
你怎么看待以色列总理出席俄罗斯5月9日的阅兵并会晤普京？,news_military,6552275277039272200,non-sensitive
如果美国退出联合国怎么办？,news_military,6552131033687392519,non-sensitive
以色列警告称如果战机被击落将会轰炸俄军事基地，你怎么看？,news_military,6552478165090959619,non-sensitive
联合国安理会改革废除一票否决权，会导致什么后果？,news_military,6552176401020092685,non-sensitive
控枪？拥枪？美国民众存在根本分歧,news_military,6552436025153552899,non-sensitive
日本强硬向美说不，是真心还是作秀？,news_military,6552243771923235076,non-sensitive
强硬报复！俄战机猛烈轰炸，支美武装据点全部摧毁，美军没有发声,news_military,6552452522043245059,non-sensitive
美国近来不断扩张军力增加国防预算，恢复第二舰队，战略政策是扩张性的吗？,news_military,6552475115022450952,non-sensitive
华州：军地联谊搭鹊桥，兵哥靓妹喜牵手,news_military,6552415051091804679,non-sensitive
叙利亚战争，美俄第一次军事冲突事件回顾！,news_military,6552453633097597454,non-sensitive
平邑：大麦滩的樱桃熟了,news_travel,6552450106510017037,non-sensitive
越看越亲切的越南，不得不说的中西文化交融之地,news_travel,6552448065171620356,non-sensitive
乌鲁木齐开展“民族团结一家亲”主题活动,news_travel,6552459808945996295,non-sensitive
焊不锈钢，铝，铜，用那种焊枪最好？,news_travel,6552481541421793540,non-sensitive
浑江区有这样一个地方，每到六、七月份竟能美成这样……,news_travel,6552330349379060232,non-sensitive
世界第一伟人是谁？,news_travel,6552460893773365511,non-sensitive
四川游客张某带着六名女子在三亚沙滩烧烤被撒沙，这事你怎么看？,news_travel,6552445203490275597,non-sensitive
新买的iPhone7自带的地图里面为什么会有莫名其妙的导航记录？,news_travel,6552350011236024580,non-sensitive
中国堪比比萨斜塔的塔，门票不到一百！周末就去这里了,news_travel,6551675115115905544,non-sensitive
日本最环保的小镇：15年来零垃圾，一群老人靠捡树叶年入千万,news_travel,6552387897545196040,non-sensitive
他单人单骑川藏80天：到达尼泊尔 回家后妈妈都认不出他了,news_travel,6552395498110583310,non-sensitive
广东今年将打造11条南粤古驿道重点线路，初夏郊游走起~,news_travel,6552467174777160196,non-sensitive
我和狗狗一起参加了登山比赛，我们完成了比赛，我们胜利了,news_travel,6552298044140814861,non-sensitive
马略卡岛骑行的旅客指南—下,news_travel,6552490712225546766,non-sensitive
坐着火车去拉萨，原来是这样的体验……,news_travel,6552484625325752846,non-sensitive
湘西那边到底有没有蛊？,news_travel,6552482275647291662,non-sensitive
成都首座高空玻璃栈道五一开放，在哪？,news_travel,6552476613282365965,non-sensitive
洋眼看江苏活动走进大丰,news_travel,6552317903415280141,non-sensitive
在日本免税店被坑，买的东西要怎么退货？,news_travel,6552415206692094222,non-sensitive
四川游客张某带着六名女子在三亚沙滩烧烤被撒沙，这事你怎么看？,news_travel,6552347178877059342,non-sensitive
最后一辆图坦卡蒙战车迁至大埃及博物馆,news_world,6552313758851531271,non-sensitive
日本儿童人口连续37年减少,news_world,6552239578235798030,non-sensitive
特朗普为支持拥枪 拿伦敦当“反面教材”,news_world,6552419044442505732,non-sensitive
特朗普是历任美国总统中最大的天才还是最大的蠢货？,news_world,6552305482256613645,non-sensitive
谢丽尔·科尔：被认为是最美丽的英国女性，英国民众心目中的女神,news_world,6552285687591207428,non-sensitive
俄罗斯如今左右为难，支援叙利亚受阻，只因影响到这个国家,news_world,6552300146858656269,non-sensitive
退休后工人农民全部免费医疗，养老金统一，会怎么样？,news_world,6552346429963108615,non-sensitive
战事升级！普京正式授权驻叙俄军“核武反击”!,news_world,6552269613172785668,non-sensitive
特朗普为什么要跟伊核协议较劲？,news_world,6552328646416138509,non-sensitive
超越英国！全球第五大经济体不是国家而是这地区……,news_world,6552251982508196360,non-sensitive
印度是真的落后，还是只是在中国游客的眼中，印度很落后？,news_world,6552391967869764109,non-sensitive
俄将举行庆祝卫国战争胜利日阅兵活动，在彩排时它们也来凑热闹,news_world,6552345707112563203,non-sensitive
如果现在是希拉里当总统，美国的外交政策会是什么样？,news_world,6552444757530902788,non-sensitive
如果日本国土滑向海沟沉没，要求中国人民收留，作为中国人你会接受日本人吗？,news_world,6552272967286391047,non-sensitive
美国参议员麦凯恩说他的葬礼上不请特朗普，大家怎么看？,news_world,6552455528855896324,non-sensitive
巴基斯坦和伊朗会一起入侵以色列吗？,news_world,6552347574567698696,non-sensitive
2018年美国中期选举，你认为特朗普会下台吗？,news_world,6552321762611167501,non-sensitive
特朗普只是一个商人，更是一个政治素人，美国如此发达的国家为什么会选其当总统？,news_world,6552240226188656899,non-sensitive
美国爸爸在网上分享了妻子的剖腹产账单，原来在美国生孩子这么贵,news_world,6552393914991510019,non-sensitive
美国参议员麦凯恩说他的葬礼上不请特朗普，大家怎么看？,news_world,6552378033334911235,non-sensitive
我国大量的进口的国外大豆，用到哪里去了呢？看完才明白！,news_agriculture,6552376326253183492,non-sensitive
给植物喷施硫酸亚铁的浓度是多少才合适？,news_agriculture,6552130793114697988,non-sensitive
稻种有缺陷水稻大减产,news_agriculture,6552294626730967565,non-sensitive
小记——我记忆中最温暖的时光,news_agriculture,6552405592005149191,non-sensitive
农村人常常吃的野菜，在专家眼里还有这样的功效！,news_agriculture,6552383605727822343,non-sensitive
5月上中旬，小麦要高产还需怎么样管理？选择什么药剂？,news_agriculture,6552371148917572104,non-sensitive
蟹塘水浑浊的原因及处理方案,news_agriculture,6552427484879520264,non-sensitive
4.5都有了！猪场下一步该怎么走？,news_agriculture,6552460614294307335,non-sensitive
猪价持续低迷，影响猪价的因素有哪些，该如何扶持，才能减少养猪大户的亏损？,news_agriculture,6552363028841496835,non-sensitive
东北经济的下一个增长点在哪里？,news_agriculture,6552302857108848909,non-sensitive
母猪产仔咬仔猪怎么办？,news_agriculture,6552274062431748360,non-sensitive
悄悄告诉你，如今不少果农选择这些“金牌”果树，果子清甜可口,news_agriculture,6552273537967587854,non-sensitive
养家糊口的农村妇女千千万，能把特产卖成王的只有麻城这一个,news_agriculture,6552473582419575303,non-sensitive
每袋135元的肥料最多值60多元！忽悠团联合村干部合伙坑害农民！,news_agriculture,6552483180442550787,non-sensitive
观点：部分贫困群众各种“怕”是迟滞脱贫因素,news_agriculture,6552281735004946948,non-sensitive
江西“落单”白鹤恢复状态良好 明日乘飞机至吉林放飞,news_agriculture,6552450087862141443,non-sensitive
茄果类高产第一步,news_agriculture,6552299652446683651,non-sensitive
奇怪的现象，这个时代为什么只有粮食不值钱？,news_agriculture,6552308738613576195,non-sensitive
农村集市上的鱼，新鲜又便宜，白鲢是做麻辣鱼的最佳选择,news_agriculture,6552374507544248840,non-sensitive
「招人烦」的村第一书记,news_agriculture,6552418785821721101,non-sensitive
王者荣耀排位征召，非你们不ban,news_game,6552414017632076291,non-sensitive
《王者荣耀》的哪个英雄或者哪个技能最让你怀念呢？,news_game,6552313359310520580,non-sensitive
《荒野行动》90%的人都不知道的钻石获取方式！不用太浪费了,news_game,6552109385831678472,non-sensitive
王者荣耀的哪个英雄或者哪个技能最让你怀念呢？,news_game,6552136830970495236,non-sensitive
英雄联盟最秀的AD中单，男刀第三，第一秀到你怀疑人生,news_game,6552282323356746247,non-sensitive
同等经济哪4个英雄最能抗伤害，白起难入榜，第一名没四个人打不死,news_game,6552486585403703822,non-sensitive
MSI入围赛Day4第一场：PGM 0-1 SUP，SUP再取一胜领跑B组,news_game,6552412702134764036,non-sensitive
绝地求生5月份新版本都有哪些改动？,news_game,6552366221033996551,non-sensitive
《王者荣耀》有哪些法师不依赖铭文？,news_game,6552477550457651463,non-sensitive
《王者荣耀》有哪些法师不依赖铭文？,news_game,6552488567233315075,non-sensitive
Uzi获得冠军后直播首秀730万人气，首局游戏老鼠拿下五杀,news_game,6552449708617368077,non-sensitive
DNF：玩家打团时睡着了，为了守护阿拉德大陆殚精竭虑,news_game,6552339306956980743,non-sensitive
王者荣耀中这些情侣CP，你觉得哪对最虐汪？,news_game,6552436963197059598,non-sensitive
2018季中冠军赛第四日赛事前瞻：B组入围赛谁能觐见FW？,news_game,6552303102945395213,non-sensitive
如果迷你世界和Mc相互PK，你觉的谁会赢？,news_game,6552354100946665735,non-sensitive
旅行青蛙中国之旅什么时候上线 中国之旅上线时间一览,news_game,6552312485871878663,non-sensitive
为什么《辐射4》被很多老玩家喷？,news_game,6552272739510518029,non-sensitive
你玩的第一款网络游戏什么？,news_game,6552391553426391303,non-sensitive
我的世界有多少个遗迹？种子是什么？,news_game,6552278657048510734,non-sensitive
网易新游《第五人格》到底在玩什么？,news_game,6552399691764465927,non-sensitive
上联：一片彩霞迎旭日，怎么对下联？,news_culture,6552127522933309703,non-sensitive
从《中庸》到《声律启蒙》，不一样的小朋友，一样的萌｜赵师汉学,news_culture,6552455667020464654,non-sensitive
鼻烟壶是什么？做什么用的？,news_culture,6552336898092695821,non-sensitive
新时代武侠小说的开山鼻祖到底是谁？,news_culture,6552444720486809870,non-sensitive
你心目中的伟人是谁？,news_culture,6552360098616836365,non-sensitive
上联：院中红杏多浇水，下联怎么对？,news_culture,6552318647426089219,non-sensitive
《西游记》最后为什么两个和尚要向唐僧他们收贿赂才肯把真经给他们？,news_culture,6552337670561857799,non-sensitive
你见过最狂的一句诗词是什么？,news_culture,6552288059243626760,non-sensitive
大三学生，最近书荒得厉害，有什么好看的书单推荐？,news_culture,6552413128812921095,non-sensitive
古代的状元放到现在是不是大学生？,news_culture,6552129543635730696,non-sensitive
什么是方法论？怎么掌握方法论？,news_culture,6552433617371398407,non-sensitive
画家杨象乔以作品《蚩尤》讴歌民族精神,news_culture,6552447434755146243,non-sensitive
有哪些文学霸气句子？,news_culture,6552414539290247437,non-sensitive
上联：清源山中鸟鸣喧，下联如何对？,news_culture,6552403226354778381,non-sensitive
中国赠送马克思雕像在德国特里尔揭幕,news_culture,6552342390286320135,non-sensitive
诸葛亮能借东风火烧曹营，为什么火烧司马懿却没料到会下雨？,news_culture,6552206417409868039,non-sensitive
上联：青山翠竹好时光，如何对下联？,news_culture,6552267795789250819,non-sensitive
上联：连天风雨送四月，如何对下联？,news_culture,6552182374606569741,non-sensitive
会龙二字作一对联，最好将二字分别放在上下联的头一字，如何作？,news_culture,6552128002312896772,non-sensitive
你心目中的伟人是谁？,news_culture,6552336664591597837,non-sensitive
女神来了！汤唯着浅V白裙秀美腿出席活动 大方挥手笑容温暖迷人,news_entertainment,6552489357805093389,non-sensitive
麦莉·赛勒斯去电视台录节目，她真是越来越美！,news_entertainment,6552311770151649796,non-sensitive
瑞安雷诺兹分享死侍复仇者拒绝信,news_entertainment,6552342421387084292,non-sensitive
白敬亭奶凶登上热搜，可爱又帅气的白侦探，调皮起来也是又奶又凶,news_entertainment,6552377030304858631,non-sensitive
《后来的我们》都成长了 那么你懂得珍惜了么,news_entertainment,6552350528137855502,non-sensitive
出生到现在从来没有谈过恋爱？不可置信的母胎单身偶像TOP7,news_entertainment,6552468411610300935,non-sensitive
《街舞》总决赛韩宇pk田一德夺冠，网友：可惜杨文昊battle没看够,news_entertainment,6552258492902670852,non-sensitive
娱乐圈不吸烟的乖乖男，马天宇张艺兴上榜，他因不吸烟有不老容颜,news_entertainment,6552168471738712584,non-sensitive
刘德华的吃相、刘晓庆的吃相、徐峥的吃相，最后一个最丑让人恶心,news_entertainment,6552390995558793735,non-sensitive
笑笑宣布离婚：人命关天，各位兄弟也别说啥了,news_entertainment,6552452321333215752,non-sensitive
史诗级奇幻大片《阿修罗》将于暑期上映，吴磊领衔剧照流出,news_entertainment,6552315418969637379,non-sensitive
怎么评价潘乱写的《腾讯没有梦想》？,news_entertainment,6552293881772245261,non-sensitive
《创造101》黄子韬battle王一博，你更喜欢谁？,news_entertainment,6552455474866815491,non-sensitive
到底娱乐圈有多难混？,news_entertainment,6552462629913231629,non-sensitive
丁海寅C位被骂，对比金秀贤螃蟹步，网友群嘲：想红想疯了！,news_entertainment,6552391788840092173,non-sensitive
林允骂哭同剧演员？金晨自爆恋情？大S吓跑投资人？,news_entertainment,6552857959766950404,non-sensitive
谢楠带儿子现身，吴所谓一身潮装对镜卖萌，网友：一点都不像吴京,news_entertainment,6552456830994350595,non-sensitive
大侦探：导演为杨幂发声怒怼网友，但韩雪、鬼鬼、王嘉尔才更憋屈！,news_entertainment,6552445745092362765,non-sensitive
对于生孩子这件事，黄磊的话让人尬，陈浩民渣，最暖心的是他！,news_entertainment,6552029422789067272,non-sensitive
李小璐商演捞金，依旧靠露肉博眼球全程面无表情心情不好,news_entertainment,6552315678467031555,non-sensitive
白送一个点球！恒大都不要？卡纳瓦罗笑容真有意思,news_sports,6552386111505695246,non-sensitive
刘诗雯戴罪立功取胜平野美宇为中国女乒拿到世乒赛冠军，怎么看待这场比赛？,news_sports,6552314957298401539,non-sensitive
天堂与地狱是有多近？看看比赛最后8秒的猛龙就知道了,news_sports,6552332692157891086,non-sensitive
鲁能队员的身高,news_sports,6552285072488137229,non-sensitive
WKG&M-1世界综合格斗赛明星见面会引爆鹏城,news_sports,6552480288448971278,non-sensitive
如何看待第一詹黑皮尔斯，公开赞美詹姆斯？,news_sports,6552421256900116743,non-sensitive
粤媒：缺少外援的恒大还是不行,news_sports,6552302468556915214,non-sensitive
热刺作死的节奏！连垫底队都输，欧冠席位悬了？,news_sports,6552414720987496964,non-sensitive
德帅谈没球队面试布兹德里克：出于自私的原因，他在这让我开心,news_sports,6552268881077993992,non-sensitive
双刃剑！山东鲁能高中锋让人又爱又恨,news_sports,6552349457025860110,non-sensitive
克洛普：希望凯塔能迅速起到作用，可能会邀请他去基辅,news_sports,6552291533125583367,non-sensitive
在欧洲是夺欧冠难，还是夺联赛难？这篇文章将告诉您答案！,news_sports,6552456441481921038,non-sensitive
斯诺克世锦赛半决赛，马克-威廉姆斯17-15霍金斯，希金斯和威廉姆斯谁能夺冠？,news_sports,6552285814024306957,non-sensitive
脂肪肝怎样最快消失？,news_sports,6552438970507067656,non-sensitive
韦德的一句bad boy！网友们炸了：个个都是段子手！,news_sports,6552369842349933064,non-sensitive
中国队亚洲杯抽到上上签，为何里皮脸色仍然很凝重？,news_sports,6552377102237171981,non-sensitive
今日直播龙星战及女子围甲 + 星阵让先9连胜 + 暗渡陈仓,news_sports,6552263064341709315,non-sensitive
如果勇士今年夺得总冠军，是不是就算建立了王朝？,news_sports,6552281431614161165,non-sensitive
横扫东部第一？这事骑士已经干过一次！直接把对手打到解体重建！,news_sports,6552333218027143683,non-sensitive
2018陆家嘴金融城足球联赛昨天拉开帷幕,news_sports,6552326316648038916,non-sensitive
车子安装了高速etc，并且绑定的是中行信用卡。现在车准备卖了，etc怎样处置？,news_finance,6552324349288775949,non-sensitive
股东代表诉讼应定额收取诉讼费,news_finance,6552469573004689934,non-sensitive
余额宝有可能发行自己的银联卡，建自己的取款机吗？,news_finance,6552261707316592904,non-sensitive
摆地摊小本生意卖什么最赚钱，那种销售模式适合你,news_finance,6552414747973648909,non-sensitive
股票，期货配资有没有市场前景？,news_finance,6552399804914204935,non-sensitive
重磅：涨停板复盘！,news_finance,6552354112107708935,non-sensitive
目前有35万存款，怎样在短期之内翻倍？,news_finance,6552422565342609667,non-sensitive
4月CPI、进出口等数据将公布，这些投资机会最靠谱,news_finance,6552353569004061197,non-sensitive
中国排在前600的姓都有哪些？,news_finance,6552259857167155460,non-sensitive
大麻竟被做成了衣服,news_finance,6552446825108865550,non-sensitive
新政策新趋势，解读企业的上市背后的门道,news_finance,6552436756438843908,non-sensitive
两个人投资开店其中一个人不管，利润该怎么分？,news_finance,6552381165657915655,non-sensitive
巴菲特，一生成功投资的最大秘密,news_finance,6552404022110716420,non-sensitive
信用卡代还业兴起，众多平台被爆存违规套现、乱收费等问题,news_finance,6552463236896129543,non-sensitive
比特币BTC和比特币现金BCH同时上涨，两者是否互相影响？,news_finance,6552406300255322371,non-sensitive
军工行业11个世界500强大型企业集团资料整理,news_finance,6552436333447479816,non-sensitive
如何判断热点题材板块的持续性？,news_finance,6552269056404095491,non-sensitive
很多散户资金量不多，却同时持有四五个，甚至十几个品种的股票，这样真的好么？,news_finance,6552370609597186317,non-sensitive
现在手里面有两万块钱的闲钱，不是很多。这笔钱怎么在一年时间内赚最多的钱？,news_finance,6552232276984332558,non-sensitive
西安产融新时代 楼宇经济新方略,news_house,6552467065112887815,non-sensitive
特朗普所做的一切会不会只是为了自己的商业帝国？,news_house,6552207942622380296,non-sensitive
链家左晖：我们和同行早已不在一个时代,news_house,6552405108561281550,non-sensitive
燕郊房价还会涨到调控前的水平吗？,news_house,6552272479094571277,non-sensitive
司法拍卖 东方太阳城 北京法拍房2万/平米在售 可贷款 可垫资,news_house,6552235099859976708,non-sensitive
中国近20年的房地产高速发展，对中国科技的影响有多大？,news_house,6552424582492455182,non-sensitive
房地产税改革渐行渐近,news_house,6552319415294099971,non-sensitive
西安房价会涨过2万的均价么，如果跌的话还能跌回原来的6千么？,news_house,6552287375840510211,non-sensitive
揭秘！为什么买新房找中介比去售楼处更便宜！,news_house,6552435689269494276,non-sensitive
房价走势如何？,news_house,6552420718666055939,non-sensitive
乌鲁木齐红山小区怎么样 好户型房价走势,news_house,6552267646488805902,non-sensitive
买公寓，一看城市，二看回报率，除此之外都是没用的？,news_house,6552343358537204231,non-sensitive
在西安买房哪个位置性价比比较高？,news_house,6552343170888237326,non-sensitive
俸周耀：房地产品牌21条商规,news_house,6552470047418221059,non-sensitive
房价上涨买房想违约该怎么办？,news_house,6552348127330828558,non-sensitive
关于要不要买房？,news_house,6552491680002474254,non-sensitive
房屋被征收宅基有补偿吗？,news_house,6552305949120397576,non-sensitive
家里有两个女儿，父亲不愿意买房子是什么心理？,news_house,6552290193473274126,non-sensitive
市北区（青岛）80个小区最新二手房价，你知道的小区涨了？跌了？,news_house,6552265837334495757,non-sensitive
为什么说以后的城市空房会越来越多？,news_house,6552486788022141188,non-sensitive
帝豪GL1.8自动精英裸车价86800，买贵了吗？,news_car,6552159026044469518,non-sensitive
18款雷克萨斯LX570 凌志王者促销爆惠,news_car,6552361234371445262,non-sensitive
报警灯亮了刹车片就要更换吗？,news_car,6552453721140232461,non-sensitive
2.4精英版欧蓝德换挡拨片怎么用？,news_car,6552130977726988552,non-sensitive
中国车手何晓乐出征纽博格林24小时耐力赛，他喜欢什么样的耳机？,news_car,6552443169743569412,non-sensitive
2017新捷达1.5手动舒服型有哪些配置，买这车可以吗？,news_car,6552369688507056388,non-sensitive
别还蒙在鼓里！这4款SUV就是换壳面包车，最后1辆月均2万人入坑！,news_car,6552294558443504136,non-sensitive
大众集团提高电池交易量至480亿美元，或与特斯拉相同的市场容量,news_car,6552365094741737987,non-sensitive
跑完高速后，你的密集恐惧症犯了么？,news_car,6552248728978194952,non-sensitive
六万至八万元之间，买什么车比较好？,news_car,6552344274426396936,non-sensitive
停车时先踩离合还是先踩刹车？,news_car,6552438515039207688,non-sensitive
我一生的挚爱丰田皇冠汽车,news_car,6552474103205331460,non-sensitive
交警查车也有“潜规则”，他们就爱拦这些车，几乎一查一个准,news_car,6552389610649944583,non-sensitive
最美中级轿车，配12.3英寸大屏，售16万，后悔买凯美瑞！,news_car,6552287607005381123,non-sensitive
如何看待弯道超车的行为？,news_car,6552388591568290061,non-sensitive
大众最得意B级车又降了！当年卖25万被疯抢，如今狂降9万没人买,news_car,6552297756294119939,non-sensitive
大众得意B级车当年被疯抢，如今狂降9万没人买，家用还是很省心！,news_car,6552371763823510020,non-sensitive
来自未来的亮相！领先设计引领时尚新潮流,news_car,6552373831862845965,non-sensitive
女孩们 如何从“改车”看出另一半是暖男或渣男,news_car,6552271334422872583,non-sensitive
2018年高考时间确定！看2017年全国各省各批次录取分数线汇总！,news_edu,6552311983197127176,non-sensitive
中考必考题之旋转（王老师每天一讲）,news_edu,6552491863360668163,non-sensitive
你怎么看待父亲精神分裂，母亲下肢残疾的他高考却被清华录取？,news_edu,6552320795308196109,non-sensitive
侨报申请大学系列讲座 谷歌工程师林世彪主讲计算机专业与择校,news_edu,6552359134421844484,non-sensitive
《瓦尔特保卫萨拉热窝》里的“劳费尔行动计划”是个什么计划？,news_edu,6552448711329317128,non-sensitive
诸城市相州镇惠发小学强化学生感恩教育,news_edu,6552032260818731533,non-sensitive
苏州大学和东北财经大学哪个研究好？,news_edu,6552316460901859598,non-sensitive
你见过最努力的人现在都变成什么样子了？,news_edu,6552297598735089927,non-sensitive
即将中考的我,news_edu,6552289670602949124,non-sensitive
教师招聘重要考点备考之中国古代教育专题,news_edu,6552415459084337672,non-sensitive
在一个跟自己实力完全不符的学校学习是什么感受？,news_edu,6552394201005293838,non-sensitive
「中考题型」物理想得满分？容易！只要你认真做这套题型！,news_edu,6552386523449262595,non-sensitive
你怎么看待父亲精神分裂，母亲下肢残疾的他高考却被清华录取？,news_edu,6552347851702141192,non-sensitive
高校CP“秀恩爱”是怎样的体验，你想知道吗？,news_edu,6552178504329331208,non-sensitive
2天思维导图视频直播课+电子书+思维导图全套素材，全部免费送！,news_edu,6552336066601288200,non-sensitive
英语六级很难吗？,news_edu,6552326169117589773,non-sensitive
你有哪些在外地求学/工作不会轻易向别人提起的心酸生活？,news_edu,6552406113671708932,non-sensitive
微积分的本质是什么？,news_edu,6552168301353500941,non-sensitive
北大校长致歉信近千字：只想让学生知道真实的自己,news_edu,6552372630819701255,non-sensitive
2018中考英语最后冲刺书面表达之日记 记叙文or议论文,news_edu,6552001414845956611,non-sensitive
在互联网创业需要什么？,news_tech,6552346329664717063,non-sensitive
标题党真心严重，把腾讯坑坏了！,news_tech,6552421100343525895,non-sensitive
高通骁龙845和835相比，性能有哪些提升？,news_tech,6552152270954299652,non-sensitive
百度和谷歌的差距在哪里？,news_tech,6552407605774385416,non-sensitive
三进制计算机可以实现吗？,news_tech,6552465915097645320,non-sensitive
国内投资3000亿用来做芯片，够了么？能不能打败高通和英特尔？,news_tech,6552297909570765315,non-sensitive
这个电脑配置值多少钱？,news_tech,6552458918214238477,non-sensitive
美团众包以后会消失吗？,news_tech,6552298922935582984,non-sensitive
新零售背景下，电商平台会发生什么变化？,news_tech,6552285961064022286,non-sensitive
微信打不开了怎么办？,news_tech,6552281399263494404,non-sensitive
腾讯发布“00后画像报告” 颠覆我们对这一代的认知,news_tech,6552284076290605582,non-sensitive
持股比例仅次于雷军，如何评价小米二号人物林斌？,news_tech,6551305201762959623,non-sensitive
玉米种子在播前，需要二次包衣吗？不需要或需要，又因为什么呢？,news_tech,6552252696433262855,non-sensitive
淘宝购物大家能接受48小时后发货吗？,news_tech,6552307609175589134,non-sensitive
电脑挂机软件是真的吗？,news_tech,6552319719645380867,non-sensitive
索尼哪一款手机最好用？,news_tech,6552275262564729101,non-sensitive
力哥爆料：如果有时光穿梭机，你最想见谁？马云想见的是他们,news_tech,6552415690236625421,non-sensitive
如果所有银行不让支付宝绑定银行卡了，支付宝会怎样？,news_tech,6552479999771803912,non-sensitive
军演时来敌人了怎么办？,news_military,6552320176207954190,non-sensitive
女乒今天排兵布阵不合理，丁宁昨天刚打硬仗，今天应该打第一单打，你认为呢？,news_military,6552210263775379720,non-sensitive
独步全球！沈飞又一款五代战机量产，性能让F35望尘莫及！,news_military,6552461852129886734,non-sensitive
以色列警告称如果战机被击落将会轰炸俄军事基地，你怎么看？,news_military,6552253268611825923,non-sensitive
与歼20竞标的“雪鸮”为什么竞标失败？,news_military,6552419215104540936,non-sensitive
观网小编进军营！全景展示74集团军,news_military,6552386222843494925,non-sensitive
一个月近900人死于枪击，拥枪对美国到底有什么意义？,news_military,6552282222043332878,non-sensitive
美国声称“没有输过任何一场战役”，但是为何美国却输掉了越南战争？,news_military,6552444157137256708,non-sensitive
五角大楼怒了！昨日两架美机硬闯我军基地，俩飞行员受伤紧急送医,news_military,6552454904122704391,non-sensitive
与恶狗对峙，该怎么办？,news_military,6552150320053485832,non-sensitive
中国001航母和辽宁舰哪个强？,news_military,6552253467795128589,non-sensitive
以色列警告称如果战机被击落将会轰炸俄军事基地，你怎么看？,news_military,6552305665111490824,non-sensitive
图-160战略轰炸机如今还是世界一流轰炸机吗？,news_military,6552463827697402125,non-sensitive
美国航母即使被导弹打的千疮百孔也不会沉没，它采用的是什么钢铁结构船体？,news_military,6552443338820157700,non-sensitive
叙利亚政府军缴获霍姆斯北的反对派军火库，发现大批军火是俄制，这是怎么回事？,news_military,6552489580996591880,non-sensitive
叙利亚前线吃紧，北约舰队进入黑海，他们的目的是什么，你如何看待此时北约的军事行动？,news_military,6552410519033086215,non-sensitive
中国此无人机直接对标美国“死神”，现在功能更强大使用也更经济,news_military,6552236933139923463,non-sensitive
俄罗斯展示新型无人机，自称强于美军！不如买中国的吧,news_military,6552406297914901006,non-sensitive
咸阳和西安哪个城市的历史更悠久？,news_travel,6552425203572408589,non-sensitive
大学毕业间隔年环游中国，做有意义的事情,news_travel,6552306441900786190,non-sensitive
看过了那些大山大水，初见阳朔竟是这般感受,news_travel,6552329949544448525,non-sensitive
情报站｜在济南饮一碗“大碗茶”惬意舒适！,news_travel,6552416859419836932,non-sensitive
洛阳和西安比，哪个城市历史更悠久？,news_travel,6552340425523331335,non-sensitive
旅行时和异性拼房是一种怎样的体验？,news_travel,6552332866305392900,non-sensitive
阆中嘉陵江两岸原生态自然风光，一个让人来了就不想离开的地方！,news_travel,6552480167128728067,non-sensitive
重庆游玩有哪些旅游攻略？,news_travel,6552486879172755716,non-sensitive
农村很多算卦的据说很准，你怎么看？,news_travel,6552421187232727300,non-sensitive
海口塔昌村：打造原生态农宿 探索农业观光新业态,news_travel,6552399922841256451,non-sensitive
说桂林山水甲天下的人都是因为没有到过贵州，不信你看,news_travel,6552454267284750851,non-sensitive
旅行时和异性拼房是一种怎样的体验？,news_travel,6552276552367735044,non-sensitive
骑车旅行到达大连晚上在海边别墅扎营,news_travel,6552174212029612547,non-sensitive
外媒称海南将成中国对外开放新窗口：繁荣或超香港,news_travel,6552245610378953220,non-sensitive
尼斯湖不仅有传说中的水怪，还有美不胜收的自然风景,news_travel,6552301518295400974,non-sensitive
雷行记：来陕西旅游的朋友恭喜你，华山门票降价了！,news_travel,6552309392237134350,non-sensitive
九月想自驾去西藏，如果我开车去，朋友坐我的车，费用怎么算才合理？,news_travel,6552358930171822340,non-sensitive
广西再建城际，不走南宁，却连接了这两个穷地方，1300万人将脱贫了,news_travel,6552323082042737155,non-sensitive
中国最变幻莫测的公路：积雪比车高，一会下雨，一会下雪,news_travel,6552356661552480776,non-sensitive
泰山酒店都不便宜，20年前都100多，现在的价格你肯定想不到,news_travel,6552468445223453187,non-sensitive
作为俄罗斯总统，普京上台以来有哪些失误？,news_world,6552353831185809668,non-sensitive
英国、俄罗斯、乌克兰、加拿大、澳大利亚、德国和西班牙，哪个国家的治安最好？,news_world,6552442168588370180,non-sensitive
日本人如何夺走中国烹饪的世界地位？,news_world,6552382245460508936,non-sensitive
美国封杀中兴通讯，不卖一颗芯片给中兴，究竟是为什么？,news_world,6552420313383043336,non-sensitive
为何奥巴马刚上台就获诺贝尔和平奖？他给世界带来和平了吗？,news_world,6552333666960277764,non-sensitive
美国参议员麦凯恩说他的葬礼上不请特朗普，大家怎么看？,news_world,6552470185742172424,non-sensitive
为什么美国人一到18岁，马上会被父母赶出家门？,news_world,6552335824208265476,non-sensitive
英国留下的种子发芽，东巴基斯坦独立的必然原因,news_world,6552364621758464519,non-sensitive
哪个国家可能会成为下一个超级大国？,news_world,6552368021996830989,non-sensitive
俄罗斯、土耳其、伊朗同盟已成，美国会对埃尔多安动手吗？,news_world,6552129532541796616,non-sensitive
一篇很有意义的文章，希望您能耐心看下去,news_world,6552359592708276739,non-sensitive
如果日本沉没，中国会接收日本难民吗？,news_world,6552313247192580355,non-sensitive
有哪些科学解释不了的事实或现象？,news_world,6552142736877682952,non-sensitive
印度和巴基斯坦为什么会仇视？难道仅仅是因为英国人的小手段吗？,news_world,6552363435361829389,non-sensitive
如果美国打伊朗，最快可以多久解决战斗？,news_world,6552227167177015559,non-sensitive
日本目前能修改和平宪法吗？,news_world,6552425808336519432,non-sensitive
如果美国各个州独立了，世界格局会发生什么变化？,news_world,6552365932872728836,non-sensitive
特朗普担任总统后，美国是更强还是更弱了？,news_world,6552386615707173123,non-sensitive
非洲为什么没有熊？,news_world,6552452864088736014,non-sensitive
俄罗斯90多个城市爆发反普京游行示威，警方逮捕上千人,news_world,6552260249565266445,non-sensitive
城里买房还不如回村建别墅，过幸福的田园生活,news_agriculture,6552288874138173960,non-sensitive
喜欢吃水果，可以考虑在家里自己种点，好吃还方便,news_agriculture,6552266401208336904,non-sensitive
什么品牌的矮壮素能防止玉米倒伏？使用防倒剂对玉米有何影响？,news_agriculture,6552235829257830664,non-sensitive
「昌图牧歌」2018年5月6日猪价监测预警,news_agriculture,6552375956453982728,non-sensitive
“脱贫摘帽快 特色产业带”——祁东县精准脱贫记,news_agriculture,6552394108881601032,non-sensitive
实在人做实在事,news_agriculture,6552336580483219972,non-sensitive
天南地北怀化人│刘代全，精心打造文化“酉庄”,news_agriculture,6552284559864496654,non-sensitive
如何高效防治葡萄的白粉病？,news_agriculture,6552045667559145741,non-sensitive
猪场发生猪痢疾，给猪用这个方法治疗，1天控制死亡,news_agriculture,6552467307237474820,non-sensitive
玉米价格最好的上涨时机或许在6月下旬 秋季价格也不要太悲观,news_agriculture,6552622022852084237,non-sensitive
稻苗长的慢可以用二胺吗？怎么使它快速生长？,news_agriculture,6552278972376285447,non-sensitive
葡萄盆栽卖“景” 能吃能观赏收益超传统种植10倍,news_agriculture,6552437289421636110,non-sensitive
蜂群失王后，工蜂还会采蜜吗？,news_agriculture,6552435081825223175,non-sensitive
9种好吃高营养的“特色”果树，趁早栽进地里，以后水果免费吃,news_agriculture,6552158165406843395,non-sensitive
2018年5月6日生猪价格行情 供应相对充足猪价逐渐趋于稳定！,news_agriculture,6552474741402239495,non-sensitive
开始种植水稻了，秧田播种时，如何进行地膜保温育秧？,news_agriculture,6552321155754098951,non-sensitive
立夏苗山农事忙,news_agriculture,6552264023218323975,non-sensitive
农村俗话“斗米养恩，担米养仇”应该怎样理解？,news_agriculture,6552338482365202701,non-sensitive
止泻2小时见效就是这么简单，不信您试试！,news_agriculture,6552263170335965709,non-sensitive
2000左右买什么手机？,news_game,6552378241703739651,non-sensitive
王者荣耀有哪些辅助可以出全输出装？,news_game,6552267362056274184,non-sensitive
自从玩了《绝地求生》以后，你感觉到自己身体什么部位明显变差了？,news_game,6552405780597833987,non-sensitive
《我的世界》攻略：手游地图生存指南，沙漠雨林海洋大盘点（上）,news_game,6552029136498459149,non-sensitive
怎么看微博大V爆料王者掉帧卡顿等问题是因为手机品牌保护费交的不够？,news_game,6552176715311874308,non-sensitive
LOL创造了吉尼斯纪录的英雄 第一是人面兽心 第三来自地狱,news_game,6552462966879420936,non-sensitive
第五人格：厂长把傀儡扔上房顶后发现不对劲，游戏就这样结束了？,news_game,6552128061901373956,non-sensitive
你会为了《逆水寒》而放弃《剑网三》吗？,news_game,6552437748089749774,non-sensitive
LOL：MSI投票成RNG战队秀？Uzi一个人把服务器给弄崩了,news_game,6552339621856936462,non-sensitive
PS4独占大作《战神》结局深度解析,news_game,6552370661925323278,non-sensitive
DOTA2 英雄之路启程 MDL金鹰电竞站战队巡礼,news_game,6552130363123040771,non-sensitive
有什么比较公平的网络游戏吗？,news_game,6552402220178997512,non-sensitive
如果没有时间冷却，王者荣耀哪个英雄开大最厉害？,news_game,6552334261981020420,non-sensitive
刺激战场：空投里不只是有三级头，还有AWM等各种狙击枪,news_game,6552298932561510916,non-sensitive
旅行青蛙能取代吃鸡吗？,news_game,6515654933281243399,non-sensitive
王者荣耀：QG猫神：AG超玩会我们来陪你们了！,news_game,6552297490048090631,non-sensitive
梦幻西游：这藏宝阁100万摆不开的召唤兽，10分钟之内必然被秒？,news_game,6552319000624235021,non-sensitive
游戏开发公司有哪些岗位？,news_game,6552192763247460616,non-sensitive
王者荣耀如果双方都不打，只让小兵上，谁会赢？,news_game,6531510403929735428,non-sensitive
《DNF》玩家：玩了三个号实在有点玩不动了，该舍弃哪个号呢？,news_game,6551891535472886280,non-sensitive
上联：对牛弹琴牛尾舞，如何对下联？,news_culture,6552256331951112462,non-sensitive
上联：月下清贫花富贵，如何对下联？,news_culture,6552365635702096142,non-sensitive
上联：雨润百草盛，如何对下联？,news_culture,6552441534225056013,non-sensitive
今日立夏，有一上联，立夏万物并秀，下联怎么对？,news_culture,6552272366792081671,non-sensitive
才子的行书这样美，没有不学的理由,news_culture,6552241219840246280,non-sensitive
在晴雯不改变自己性格的情况下，如何改才能变自己的命运？,news_culture,6552393516239028488,non-sensitive
现藏于台北故宫博物院的褚遂良《倪宽赞》欣赏,news_culture,6552412813887799821,non-sensitive
赵姨娘作为良妾，为什么在贾府的地位还没袭人高？,news_culture,6552344411164901639,non-sensitive
立夏：春红落尽，夏木成荫,news_culture,6552130055651197447,non-sensitive
如何看待曹德旺说的，“一百对夫妻中，没有一对是幸福的”这句话？,news_culture,6552437851689058573,non-sensitive
上联：桃花伴柳江湖远，如何对下联？,news_culture,6552353398312665352,non-sensitive
上联：风吹干了相思忆，如何对下联？,news_culture,6552285150137286916,non-sensitive
上联：雨淋荷花荷更洁，怎么对下联？,news_culture,6552180773846253828,non-sensitive
上联：江中鱼东游西藏，下联怎么对？,news_culture,6552237111347511566,non-sensitive
上联：月印荷塘荷印月，如何对下联？,news_culture,6552341422786216196,non-sensitive
中国赠送马克思雕像在德国特里尔揭幕,news_culture,6552187378222498307,non-sensitive
上联：风伴红叶戏秋水，下联如何对？,news_culture,6552242505021128967,non-sensitive
为什么电影《倩女幽魂》中燕赤霞一个道士却拿着金刚经？,news_culture,6552421550627225863,non-sensitive
世界上最早的一副水彩画：丢勒《一大块草皮》,news_culture,6552400081205592583,non-sensitive
上联:今日头条，头条今日，说今日头头是道，论头条条条精华；如何对下联？,news_culture,6552486612830257416,non-sensitive
最强组合！华晨宇合作莫文蔚，全是《天籁之战》牵线,news_entertainment,6552372964371726855,non-sensitive
作为湖北的家人，你知道从湖北走出的明星有哪些吗？,news_entertainment,6552458141718544904,non-sensitive
吴宣仪是孟美岐的小公主 李子璇受《创造101》剪辑偏爱,news_entertainment,6552332609655931400,non-sensitive
盘点明星大佬们身旁都有些什么样的保镖,news_entertainment,6552050834492883463,non-sensitive
后来的我们，不好不坏，你可以从任何方面批评，但它三观没有不正,news_entertainment,6552401595005403662,non-sensitive
《这就是街舞》真的有黑幕！从哪些地方可以看出？,news_entertainment,6552141844317209102,non-sensitive
张靓颖自曝右耳间歇性失聪，演唱会上五字讲述未来让无数粉丝落泪,news_entertainment,6552387240520057351,non-sensitive
奚梦瑶的腿怎么上热搜了？,news_entertainment,6552142812417098247,non-sensitive
71岁施瓦辛格心脏手术后归来，与44岁女友双双现身,news_entertainment,6552377743093268995,non-sensitive
同父同母不同命，哥哥退出演艺圈生活窘迫弟弟曾红的发紫,news_entertainment,6552460922571457027,non-sensitive
EXID率智眼球开刀首露面！抗病1年近况曝光⋯粉丝哭了,news_entertainment,6552420340448887300,non-sensitive
雷佳音刘昊然这么多相似地方？刘昊然模仿雷佳音，昊然弟弟你变了,news_entertainment,6552408328486519309,non-sensitive
跨界歌王薛之谦穿着时尚亮相，唱了一首绅士，开口全场都沸沸扬扬,news_entertainment,6552449197319127560,non-sensitive
谢娜创两项吉尼斯记录，中国第一人，网友回复最扎心,news_entertainment,6552446812953772551,non-sensitive
本年度终身成就奖居然是他，和蔼可亲貌不惊人的老头,news_entertainment,6552488595511312899,non-sensitive
angelababy 一起去海边吹吹风「污」男神女神一起驾到,news_entertainment,6552438994104222215,non-sensitive
今31岁身家过亿，是赵丽颖的绯闻男友,news_entertainment,6552343826801885710,non-sensitive
小奶狗撩妹套路深，《北京女子图鉴》陈可“姐弟恋”再陷感情危机,news_entertainment,6552423917078708743,non-sensitive
日本选出全球最标致的五大面孔，中国上榜一人，不是范冰冰而是她,news_entertainment,6552444286133076487,non-sensitive
绝杀猛龙之夜！詹姆斯5次重摔在地，再心酸也值得了！,news_sports,6552314050561180174,non-sensitive
哦！中国第114个世界乒乓球冠军——王楚钦！为中国对加油！,news_sports,6552484745748414979,non-sensitive
朱婷在女排欧冠半决赛中受伤，这会对瓦基弗产生怎样的影响，还能够夺冠吗？,news_sports,6552347256006115587,non-sensitive
德国男乒3:2艰难战胜韩国，挺进决赛会师国乒，中德乒乓大战胜算大吗？,news_sports,6552276948142260487,non-sensitive
詹姆斯现在的绝杀球能力在联盟中是什么水准？,news_sports,6552385003618042115,non-sensitive
淘汰恒大也保不住曼萨诺，保级战酿1-5惨案，球迷怒吼下课！,news_sports,6552401077428290056,non-sensitive
曝限薪令最快在夏窗出台 恒大重庆或成最大受害者,news_sports,6552373693555671566,non-sensitive
58同城中甲：下半场的卓尔惹不起 他们这一数据冠绝联赛,news_sports,6552409524739768840,non-sensitive
瑞典世乒赛中国女队夺冠，如何看待新闻发布会上石川佳纯充当中国翻译？,news_sports,6552199075507208456,non-sensitive
世乒赛男团决赛，中国队3-0完胜德国，两队的排兵布阵有哪些亮点和失误？,news_sports,6552489660398960910,non-sensitive
道义放两旁利字摆中间，屡战屡败的曼萨诺还能走多远？,news_sports,6552420043697684999,non-sensitive
如果骑士今年一轮游，那么詹姆斯的历史地位会受影响吗？他还有机会再进总决赛吗？,news_sports,6552318519168467213,non-sensitive
通过运动健身，你觉得对你最大的改变是什么？,news_sports,6552447825676861699,non-sensitive
上港主场1-2负于国安，遭遇联赛两连败，上港到底输在哪？,news_sports,6552220311318692100,non-sensitive
法网卫冕冠军在马德里首轮出局，法网卫冕前景蒙上阴影,news_sports,6552473566724489732,non-sensitive
骑士和步行者战成抢七险胜，而猛龙即将被横扫，步行者跟猛龙的区别在哪里？,news_sports,6552362236168372494,non-sensitive
中超单场消息：埃尔克森建功难救主 上港主场遭遇国安逆转,news_sports,6552276966609781252,non-sensitive
惠若琪被问女排中素颜谁最美，她机智地回答郎平，你怎么看？,news_sports,6552394344232386824,non-sensitive
维亚利：尤文不应该签埃姆雷-詹，而该选拉基蒂奇,news_sports,6552779221641462280,non-sensitive
大连一方3:0完胜恒大，足协杯出局、又被一方大败，恒大怎么了？,news_sports,6552137560229937422,non-sensitive
用超过1亿元的资金回购公司股份，这3家公司是怎么了？,news_finance,6552357020526182919,non-sensitive
联想五大优势构建直面万亿市场的新业务模式SIoT,news_finance,6552369051719434766,non-sensitive
宋清辉：资管新规出炉意味着打破刚性兑付,news_finance,6551952253933060612,non-sensitive
上证指数持续围绕3100点震荡，是筑底还是持续下跌？,news_finance,6552283905750204686,non-sensitive
股票书籍分享——技术分析之五档买卖盘，还要练习盘感,news_finance,6552450876856861192,non-sensitive
以茅台酒现在的价格，你认为它还是用来喝的吗？,news_finance,6552353187574055181,non-sensitive
币圈事件：密货币是否成为证券，5月7号见分晓，后市操作见下文,news_finance,6552336506638303752,non-sensitive
如何才能享受8%的定存利率？,news_finance,6552428773889802503,non-sensitive
万孚生物：科金控股计划3个月内减持1%股份,news_finance,6552400151267246606,non-sensitive
蓝星生财之道公众号增长计划0.2版本,news_finance,6552435222346990094,non-sensitive
连续29个跌停刷新A股记录的ST保千里打开跌停，可否抄底？,news_finance,6552277110025617667,non-sensitive
投资期限对资产配置的影响,news_finance,6552357387150295566,non-sensitive
向初梵；5.6周一黄金操作建议，下周黄金走势分析,news_finance,6552315007487443469,non-sensitive
网贷逾期后，既不催收也联系不到客服，却遭遇一天200元催收费,news_finance,6552276057708298766,non-sensitive
三无人员申卡难，掌握申卡技巧快速下卡！,news_finance,6549399653836653060,non-sensitive
有点闲钱了 放在哪里收益最划算,news_finance,6552394200065769988,non-sensitive
新手应该如何系统学习投资？,news_finance,6552392547614851335,non-sensitive
巴菲特：不太可能向其股东发放一次性特别股息,news_finance,6552137748512244232,non-sensitive
小产权？公寓？没名额该如何买房？,news_house,6552379181982810638,non-sensitive
在深圳，作为有钱人是一种什么样的体验？,news_house,6552417626402849038,non-sensitive
想去三四线城市定居，首付有限，是先买个偏点儿的房子，还是再攒几年钱后买好地段的房子？,news_house,6552410089330835725,non-sensitive
美国富人的那些豪宅,news_house,6552381772514984461,non-sensitive
房子十年后会涨十倍吗？,news_house,6552337461551300871,non-sensitive
大连东港看起来那么现代，为何房子卖不动？,news_house,6552293303411278083,non-sensitive
新手买房，是找中介好还是自己去售楼部买更好？有什么需要注意的？,news_house,6552297219511288068,non-sensitive
房价会不会再次上涨？,news_house,6552288840403386631,non-sensitive
任志强发声：3月以后楼市肯定发生变化，你怎么看？,news_house,6552210325582643470,non-sensitive
郑州哪家卤肉最好吃？,news_house,6552456242298618115,non-sensitive
买房的时候五证不全，该怎么办？,news_house,6552441742690353411,non-sensitive
现在在重庆投资房产还有升值空间吗？,news_house,6552364624103080200,non-sensitive
3月房价下跌6元后 深圳4月跌16元又把大家逗笑了,news_house,6552360099904504333,non-sensitive
武汉：开发商不得将“房查”作为购房的前置条件,news_house,6552429611047715335,non-sensitive
重庆刚需5月买房，能买洋房何必高层？,news_house,6552406240339689997,non-sensitive
山东日照2018年买了房子之后，房价跌了怎么办？,news_house,6552461845842624772,non-sensitive
房价涨那么高，为什么还有人抢着买？,news_house,6552487566308802819,non-sensitive
西安房子2018年能入手吗，会不会成接盘侠？,news_house,6552342374251495693,non-sensitive
济宁市太白湖区碧桂园中央公园可以买吗？,news_house,6552254215127826701,non-sensitive
山西：一季度商品房待售面积比上年末减少148万平方米,news_house,6552400153234375176,non-sensitive
别说你很懂！踩刹车也是有技巧的,news_car,6552284465035477507,non-sensitive
车主必须要了解的汽车玻璃知识,news_car,6552410665888252424,non-sensitive
你的爱车装上这些小用品，既精美又显档次,news_car,6552387385185796611,non-sensitive
抵押车要怎样年审和购买保险？,news_car,6552306140342911239,non-sensitive
18款福特猛禽F150 3.5T白金版墨版皮卡大咖,news_car,6552336549084660231,non-sensitive
自驾游不用住旅馆，新式“房车神器”横空出世！长这大还真头次见,news_car,6552350662745653763,non-sensitive
刚买H6就后悔了，猎豹新车比奥迪漂亮，搭宝马1.6T动力，仅11万起,news_car,6552348739242033667,non-sensitive
月工资多少才可以养得起10万左右的车子？看完后涨知识了,news_car,6552310231169237507,non-sensitive
10万元体验驾驶乐趣？看2016款新桑塔纳1.6L手动舒适版,news_car,6552410154996859405,non-sensitive
不管是奔驰，宝马，还是国产汽车，装上这些黑科技神器，高级有面,news_car,6552125903546106372,non-sensitive
雅阁，凯美瑞，天籁后期费用，大约都多少钱？,news_car,6552402268069560580,non-sensitive
MPV也加价？这款7座MPV，3米2 轴距2.0T比GL8还帅，还要GM8干啥,news_car,6552413624088920589,non-sensitive
高尔夫GTI TCR公路版预告 5月底发布,news_car,6552484499102368259,non-sensitive
2年0息丨“万元”五重礼WEY你而来,news_car,6552285933536805379,non-sensitive
机械式销售——内饰清洗这样讲能多卖,news_car,6552317337951797773,non-sensitive
长沙张公岭考场「科目三」直线行驶6大秘籍—恒哥话驾陪,news_car,6552349641625567757,non-sensitive
完美7座车和垃圾7座车，只差这么几样小东西,news_car,6552446289915675149,non-sensitive
3款被公认贬值最快的合资车，二手车贩都不愿意收,news_car,6552304072588788227,non-sensitive
全新外观/动力提升！新款Macan谍照曝光,news_car,6552478216219525645,non-sensitive
电动汽车是否真的能成为下一个汽车研究热点？,news_car,6552368521756541187,non-sensitive
全国首个人工智能课程走进中小学课堂,news_edu,6552420505788350983,non-sensitive
高考有多累？,news_edu,6552435876419338509,non-sensitive
我省2018年大学生志愿服务西部计划启动,news_edu,6552416572252619271,non-sensitive
娄底城区2018年中职招生工作协调会在市第一职业中学召开,news_edu,6552461219817587203,non-sensitive
读书是如何改变一个人的命运的？,news_edu,6552313284630937860,non-sensitive
马上21岁了，一事无成，想学个技术。学什么好？,news_edu,6552438040134942989,non-sensitive
冶师附小召开“家校携手育英才”家庭教育专家报告会,news_edu,6552440328412987911,non-sensitive
世界上最“神”速算法，秒杀计算器！只发一次，替孩子收藏！,news_edu,6552276958112121348,non-sensitive
女孩子去技校学什么专业比较好呢？,news_edu,6552387448402346247,non-sensitive
零基础学摄影，轻松考大学，聊城高二学生的机会来啦,news_edu,6552391519968428558,non-sensitive
高考要来了，高考回忆有哪些？,news_edu,6552435721532080387,non-sensitive
你对哪些世界未解之谜感兴趣？,news_edu,6552216062660706564,non-sensitive
从东京女留学生遇害案，说说清末为何喜欢扎堆留学日本？,news_edu,6552139666450022663,non-sensitive
小学生策划消防教育活动 提升对消防知识的了解,news_edu,6552373349480137230,non-sensitive
马上到美国留学的大学男生，对象找哪的合适？,news_edu,6552342375228768520,non-sensitive
永定区：着眼教育管理理念 提升教育创新能力,news_edu,6552360143063876103,non-sensitive
英语一天一句跟我读（第36天）,news_edu,6552132339051266563,non-sensitive
流浪狗扰乱正常教学秩序，破坏学生们生活，该怎么办？,news_edu,6552313849574326542,non-sensitive
2018-05-06 区块链中，代码即是法律？,news_tech,6552364182048604680,non-sensitive
邻居上门问wifi密码，怎么有技术又不伤感情地拒绝？,news_tech,6552282943765610755,non-sensitive
现在最便宜的64G内存手机是1299元，未来10年，64G内存的手机能便宜到多少钱？,news_tech,6552357712796057863,non-sensitive
未来有一半工作被取代，文科生最吃香！李开复给父母们的3个建议,news_tech,6552281225858384388,non-sensitive
小米所有的产品，有哪一种的核心技术是小米自己研发的？,news_tech,6552452862058692872,non-sensitive
为了微信支付安全，请打开微信钱包这个功能吧,news_tech,6552349950380868110,non-sensitive
小米上市后市值若超过百度，会带来哪些影响？,news_tech,6551669263533342989,non-sensitive
我想买探界者，探界者和昂科威一样的轴吗？,news_tech,6552460753587142920,non-sensitive
马云放大招，网商银行转账全免费，马化腾腾讯微众银行如何应对,news_tech,6552390444066537987,non-sensitive
支付宝又有重榜好消息，4.5亿用户终于迎来了春天,news_tech,6552466016436224526,non-sensitive
假如有个好产品，如何找一个好的营销团队？,news_tech,6552362958964392200,non-sensitive
为什么台积电一个代工企业利润率在中国只输工行，还比苹果高呢？,news_tech,6552257236930920718,non-sensitive
有哪些好用的护发产品？,news_tech,6552477294743519491,non-sensitive
中科院发布一好消息，首款云端人工智能芯片问世，打破世界纪录,news_tech,6552458063855485447,non-sensitive
小米在港上市之后，雷军身价有多高？,news_tech,6552437997374013709,non-sensitive
海尔总裁周云杰：中国智慧物流品牌日为世界贡献中国智慧,news_tech,6552326032085484039,non-sensitive
企业管理软件系统哪个好？,news_tech,6552495157961294083,non-sensitive
手机电量显示100%，突然自动关机显示没电了，是什么原因？,news_tech,6552301085585834248,non-sensitive
朱啸虎姚劲波……互联网大佬纷纷表态《腾讯没有梦想》,news_tech,6552390986826252803,non-sensitive
一个细节证明，B21轰炸机要服役了，全球没一个系统可以拦截,news_military,6552290024585429518,non-sensitive
沈飞歼31正密集试飞，复合材料比歼20还高5%，隐身性更强,news_military,6552259671955079694,non-sensitive
美军控制区内出现新的化武袭击，俄罗斯为何保持克制不去揭穿？,news_military,6552271155430949127,non-sensitive
若现代社会发生战争，普通家庭可做哪些简单准备？,news_military,6552347694495432968,non-sensitive
叙利亚政府军从一处叛军据点缴获的武器里面有俄制的装备，你怎么看？,news_military,6552394069639692547,non-sensitive
让40国军人对它都爱不释手，中国的这套军服到底有多大魅力,news_military,6552338603932910084,non-sensitive
以色列警告称如果战机被击落将会轰炸俄军事基地，你怎么看？,news_military,6552313982080778504,non-sensitive
你怎么看待以色列在一夜之间盗走伊朗上吨核文件这种行为？,news_military,6552441575052411149,non-sensitive
妩媚女兵不让须眉：以色列女兵演训生活图照,news_military,6551715409354031624,non-sensitive
战斗机被导弹锁定追踪后，战斗机能否发射空空导弹摧毁追踪导弹？,news_military,6552464882082513166,non-sensitive
历史上的十大军事人才有谁？,news_military,6552408921401721095,non-sensitive
以色列警告称如果战机被击落将会轰炸俄军事基地，你怎么看？,news_military,6552274936860246286,non-sensitive
这次叙利亚战争后，叙利亚还能复兴吗？,news_military,6550441849356550414,non-sensitive
为什么叙利亚40个反对派同时反对俄罗斯主导的和谈？,news_military,6552417370059571464,non-sensitive
中国大西北飞出这一架战机了不得，空军实力陡增它立大功,news_military,6552133095686930948,non-sensitive
从军中娇娃到赛场魅影 她便是这样的女兵,news_military,6552235700144570887,non-sensitive
《刺激战场》换弹速度最慢的武器有哪些，性能如何？,news_military,6552300684908167438,non-sensitive
印度军队打仗不戴头盔，而是戴头巾，是真的穷还是坚持信仰？,news_military,6552336374815523342,non-sensitive
为什么历史上没有一个国家能吞并中国？,news_military,6552453859426435342,non-sensitive
以色列警告称如果战机被击落将会轰炸俄军事基地，你怎么看？,news_military,6552240481537884419,non-sensitive
日落霞飞苍山远，求下句？,news_travel,6552344044410765571,non-sensitive
茂陵博物一日游,news_travel,6552421666394210820,non-sensitive
旅游风景电脑壁纸 适合旅游的自然风景,news_travel,6552496775318471171,non-sensitive
亚洲地理位置最好的国家,news_travel,6552128508959654408,non-sensitive
四川游客张某带着六名女子在三亚沙滩烧烤被撒沙，这事你怎么看？,news_travel,6552315559835336964,non-sensitive
藏南面积有多长多宽？,news_travel,6552485616423010573,non-sensitive
微视频｜一分钟领略绵竹年画村”画景”,news_travel,6552326138541113859,non-sensitive
东北雪乡景色美，网友称：真是一场斗智斗勇的旅行,news_travel,6552353840400695815,non-sensitive
勐景来，在拍完“爸爸去哪儿了3”后，如何做到持续吸引全国游客？,news_travel,6552380093732225284,non-sensitive
旅行达人告诉你，旅行不管短途或是长途别忘了带这些，干净还卫生,news_travel,6552328246938042884,non-sensitive
一个人去爬山合适吗？,news_travel,6552473513825927431,non-sensitive
发现贵州之美，尽情享受，难以忘怀,news_travel,6552346786705441287,non-sensitive
护照有效期不足6个月能去普吉岛吗？,news_travel,6552363331502473479,non-sensitive
四川游客张某带着六名女子在三亚沙滩烧烤被撒沙，这事你怎么看？,news_travel,6552392052749893902,non-sensitive
重庆彩色马赛克“梯田”吸引游人,news_travel,6552250246221529607,non-sensitive
五月冰城变花海，看丁香花丛中的哈尔滨,news_travel,6552261929702785549,non-sensitive
想带二老去湖北游玩，非自驾，预计花费5000，有没有攻略路线推荐？,news_travel,6552286499683959044,non-sensitive
户外直播跳舞的爽儿为什么出镜率那么高？,news_travel,6552407884271976717,non-sensitive
「跟着大V去旅行」来到开滦，走进这座活着的博物馆,news_travel,6552272024415240708,non-sensitive
哈萨克斯坦允许美国建立军事基地，如果哈彻底倒向美国，对俄罗斯究竟有多大威胁？,news_world,6552464212268941581,non-sensitive
印度一男子不顾劝阻要和熊自拍，被咬死，大家怎么看？,news_world,6552438918724190472,non-sensitive
美国建国不过两百年，为什么会成为世界强国？,news_world,6552397094101975299,non-sensitive
警告！夏威夷火山正在向空中喷射熔岩和“极高水平的危险气体”,news_world,6552267481996591623,non-sensitive
印度大叔来到中国后很震撼，在中国平常的事情在印度是不可思议的,news_world,6552299188359528974,non-sensitive
45岁男子一日三餐都是吃石头砖头，啃石头就像是吃着美味的鸡腿,news_world,6552377486179566088,non-sensitive
美国建国不过两百年，为什么会成为世界强国？,news_world,6552278400227082499,non-sensitive
特朗普为挺拥枪嘲讽巴黎恐袭，法国怒怼“可耻”,news_world,6552311506430591491,non-sensitive
日本拼外交，诚意不可少,news_world,6552376898788262408,non-sensitive
能够连接印度洋和太平洋的泰国克拉运河项目是否已经开工，一旦建成对新加坡有影响吗？,news_world,6552260360039039245,non-sensitive
如果证实反政府武装使用化学武器，美英法会被追责吗？,news_world,6552233452341559565,non-sensitive
美国建国不过两百年，为什么会成为世界强国？,news_world,6552400172599476493,non-sensitive
美国法院判伊朗赔付9·11遇难者家属逾60亿美元，你怎么看？,news_world,6552313888182894851,non-sensitive
法国劝说奏效，伊朗为打消顾虑愿加入对话，特朗普还会退出伊核协议吗？,news_world,6550517223964803336,non-sensitive
梅德韦杰夫对普京来说有多重要？,news_world,6550828176661020932,non-sensitive
只因朋友称《绝地求生》更好，“堡垒”男子将其刺伤,news_world,6552396908315279880,non-sensitive
作为俄罗斯总统，普京上台以来有哪些失误？,news_world,6552336742647595271,non-sensitive
从目前来看，特朗普是一个好总统吗？,news_world,6552469217210269960,non-sensitive
如果没有普京的出现，世界格局将会变成什么样？,news_world,6552153869697155335,non-sensitive
特朗普为什么可以随意废除此前美国政府达成的各种协议？,news_world,6552486135359078660,non-sensitive
为什么有的股票在大盘跌时它涨，在大盘涨时它反跌？,stock,6491869702602621198,non-sensitive
中国限产，全球缺货，这家有机硅龙头必须关注起来了！,stock,6550942691302048259,non-sensitive
大疆的概念股有哪些？,stock,6531148042983178509,non-sensitive
高位十字星是好是坏？,stock,6446238642045190413,non-sensitive
一支股票卖盘一直挂豹子单，有何用意？,stock,6547887045119836429,non-sensitive
底部放量是什么意思？,stock,6477380983082451214,non-sensitive
股票放量下跌是什么意思？放量下跌意味着什么？,stock,6481098178765521166,non-sensitive
什么情况下我们需要毫不犹豫的卖出股票？,stock,6487332401843273998,non-sensitive
股票在涨停后，半小时又下去了，再过一会又涨停1个小时，随后又下去了，这说明什么？,stock,6529752296744550664,non-sensitive
有些股票前一天涨停，后一天就跌停，都是主力所为吗？主力看样子亏了呀？,stock,6493440590351433998,non-sensitive
怎么样判断一只股票是否有庄家锁筹？,stock,6488447166112071950,non-sensitive
连续跌停的股票是谁在买入？,stock,6520037319762772227,non-sensitive
如何做T+0！一招轻松解套？,stock,6431870310357664001,non-sensitive
大盘跳水的时候个股跌停板一直没封死，庄家的这种行为是酝酿的什么阴谋？,stock,6491752508132688142,non-sensitive
次新股有望开启反弹行情吗？,stock,6493788508598042893,non-sensitive
芜湖有哪些上市公司？,stock,6528576283499036941,non-sensitive
股票头天封涨停，第二天低开是怎么回事？,stock,6534628622483849479,non-sensitive
鲜蒜、蒜薹今年恐怕“狠”不起来 多地出现免费送,news_agriculture,6552252565776499213,non-sensitive
咖啡兰的养殖要点是什么，和其他品种有什么区别？,news_agriculture,6551606480724820228,non-sensitive
要知询农业专家，象怎样的高温天气，大地的西红柿与豆角是否天天浇水？,news_agriculture,6552465334081683719,non-sensitive
农村盖房子的物料，虽然很廉价，它的药用价值，你们都不知道,news_agriculture,6552294857350578702,non-sensitive
2018年农村房产证已陆续发放，但这些人没有机会领取！,news_agriculture,6552392600622465539,non-sensitive
农村新生代模特,news_agriculture,6552154540022432269,non-sensitive
2018宅基地新动作：满足这4个条件的农民，可进行分户,news_agriculture,6552483708689973764,non-sensitive
有50万的资金买车还是买地？,news_agriculture,6552397961869918477,non-sensitive
玉米“多穗”现象形成的原因有哪些？该怎么预防？,news_agriculture,6552221575469334787,non-sensitive
农村承包地确权进入收尾阶段 确权面积已达11.59亿亩,news_agriculture,6552253580173115907,non-sensitive
来广元考察交流的巴中市妇联，看看她们都去了哪？,news_agriculture,6552234153524331015,non-sensitive
家里有空地，不如种几棵果树，随摘随吃，吃都吃不完,news_agriculture,6552415602848301582,non-sensitive
关于南半球的六道题你会几个？测一测吧？,news_agriculture,6552378317746471427,non-sensitive
鸭稻算什么，看看我们龙江的“天鹅稻”！,news_agriculture,6552466309865538056,non-sensitive
想用十五万来创业，有哪些适合做的项目？,news_agriculture,6552403437995163918,non-sensitive
大蒜产地蒜薹大面积滞销，农民辛劳一天，蒜薹还是要扔丢,news_agriculture,6552131650216526344,non-sensitive
农村大叔野外抓螃蟹，却收获了这么多的小石头！,news_agriculture,6552397931356357123,non-sensitive
温室西红柿怎么种植？西红柿现代温室种植,news_agriculture,6552445602754462211,non-sensitive
撑着小船来娶你！悠悠隆庆，用500年岁月诉说水乡故事,news_agriculture,6552368060429238798,non-sensitive
我国首座全潜式深海渔场5月4日在青岛交付使用,news_agriculture,6552324432327606791,non-sensitive
kpl明星赛最大的败笔是不是替补坐了两场冷板凳？,news_game,6552404869309792515,non-sensitive
绝地求生：近日爆料即将新增北极地图，那些吃鸡神器直接废了！,news_game,6552483188243956231,non-sensitive
为什么国产手游做不出好游戏？,news_game,6552396006221152516,non-sensitive
LOL中哪个英雄最克劫？,news_game,6552420119983685902,non-sensitive
索泰杯第二日QM吃两鸡引发争议？虎扑大神扒出QM违规行为？,news_game,6552089978770293251,non-sensitive
棋牌游戏运营：2018上半年棋牌游戏总结及展望,news_game,6552133414735053315,non-sensitive
现在王者荣耀都禁哪些英雄？,news_game,6552362717309567235,non-sensitive
“CF”都出了英雄级，为什么还要出“王者系列”？,news_game,6509445913239355655,non-sensitive
DNF：大家自嘲一下自己最缺哪件诗史,news_game,6552415610976862724,non-sensitive
有什么唯美剧情的手机单机游戏？,news_game,6552445536111165710,non-sensitive
免费畅玩Dota2所有饰品！DOTA2 MOD软件安利,news_game,6552345991649952270,non-sensitive
携NBA完美还原球星生活最强NBA揭秘潮服、王朝两大新模式,news_game,6552440079824978436,non-sensitive
王者荣耀：当队友选这三个奇葩英雄打野的时候，我就知道此局必输,news_game,6552476398626275844,non-sensitive
王者荣耀：反野最厉害的四个英雄，最后一个比东皇太一还恶心！,news_game,6552083347386925576,non-sensitive
三国杀里有哪些嘲讽度很高的武将？,news_game,6552481588993589518,non-sensitive
区块链游戏哈希世界新增南极土地玩法，可领比特币,news_game,6552342754154775043,non-sensitive
绝地求生黄金大奖赛TPP模式奖金36万、FPP奖金10万 奖金差距好大,news_game,6552445691136836100,non-sensitive
有什么好玩的天文游戏？,news_game,6552452952596939016,non-sensitive
Uzi直播首秀人气火爆弹幕刷到黑屏，黄金段位拿五杀称太简单！,news_game,6552436208524329475,non-sensitive
王者荣耀中吕布出闪电匕首、纯净苍穹或者无尽之刃哪个性价比或者效果好一点？,news_game,6552327929114657027,non-sensitive
"""皇""和“王”哪个地位更高？",news_culture,6552396255467667720,non-sensitive
上联：江中鱼东游西藏，下联怎么对？,news_culture,6552307476732051716,non-sensitive
上联：若不撇开终是苦，如何对下联？,news_culture,6552340726946988296,non-sensitive
出：窗含春夏秋冬景，下联怎么对？,news_culture,6552299286422356227,non-sensitive
上联。山西山东太行山。下联？,news_culture,6552301997410746638,non-sensitive
为什么好多人都说儒家思想祸害中国？,news_culture,6552294124047827213,non-sensitive
曹雪芹墓地石碑和玉器被村民发现，上交给国家，被奖励一面锦旗,news_culture,6552286376518222350,non-sensitive
上联：野花无主为谁开，如何对下联？,news_culture,6552371576543641864,non-sensitive
中国历史上六大顶级国宝级文物，传国玉玺才排第三，第一无可争议,news_culture,6552333690825867789,non-sensitive
纪念伟人，马克思诞辰200周年！,news_culture,6552471931298251272,non-sensitive
难得一见的素描作品，书画爱好者的福音！,news_culture,6552240748727632397,non-sensitive
上联：拜托流云捎往事，如何对下联？,news_culture,6552474352665755917,non-sensitive
为何张辽和高顺会被陈登所骗？,news_culture,6552142305137000711,non-sensitive
搞艺术的人有什么共性？,news_culture,6552407325947199752,non-sensitive
脍炙人口的醉翁亭原来是这个样子，这里的山水的确很美,news_culture,6552389460921680391,non-sensitive
千年德国小镇居民自称为“中国人”，中文是其官方语言之一,news_culture,6552447148435177998,non-sensitive
一组清代光绪年间的壁画,news_culture,6552348386157134339,non-sensitive
以玉定情，始结同心,news_culture,6552409239053140488,non-sensitive
中国十八世纪时，都有哪些著名的诗人？,news_culture,6552299663423176968,non-sensitive
上联：梨开一树雪。下联是什么？,news_culture,6552413454714536196,non-sensitive
同样懒精上身群众却只喷张杰不喷他，这是双标吗？,news_entertainment,6552849380540416515,non-sensitive
如果把范冰冰嫁给你，你敢娶吗？,news_entertainment,6552378214478512387,non-sensitive
一天烧近290万元，现今，它到底有多重要,news_entertainment,6552479146792976900,non-sensitive
张若昀和胡一天都很帅气，他们不撞脸，却撞痣了,news_entertainment,6552381535213847053,non-sensitive
邓超母校这么多？现场瞬间变身国际学霸超 却遭陈赫无情补刀,news_entertainment,6552377227537809928,non-sensitive
郭敬明现身机场，粉丝跪地拍照？网友：这样做也太夸张了吧,news_entertainment,6552380377560777223,non-sensitive
有哪些明星明明长相很普通，却总演高富帅？,news_entertainment,6552371750187827459,non-sensitive
马栏山 马栏镇 马栏村 马栏坡的马小姐获两项吉尼斯世界纪录称号,news_entertainment,6552336879226716686,non-sensitive
好莱坞7位惊世美男也禁不住岁月的琢磨,news_entertainment,6552341424665264648,non-sensitive
Angelababy又接新剧，这次男主是邓伦和朱一龙，你期待？,news_entertainment,6552376917822013966,non-sensitive
秦岚拍婚纱，无比美！网友：今天，你要嫁给我？,news_entertainment,6552362801082401283,non-sensitive
《甄嬛传》中安陵容这么乖巧、听话，皇帝还对安陵容如此绝情？,news_entertainment,6552319871793758723,non-sensitive
25届北京大学生电影节闭幕式，芳华演员钟楚曦、苗苗获最佳新人奖,news_entertainment,6552451239223755267,non-sensitive
曹格的老婆在微博晒出了一组带儿女的合照 姐姐的大长腿令人羡慕,news_entertainment,6552357408776126990,non-sensitive
什么时候开始都不晚！宗庆后亮相《朗读者》第二季，他是这样读给年轻新一代的,news_entertainment,6552295488261980679,non-sensitive
女星还债4亿，拿1亿现金买房，王珂追问：刘涛，你还有多少钱,news_entertainment,6552407641648267780,non-sensitive
金晨出席活动现场表演 网友：对，这大长腿就应该扛在肩膀上！,news_entertainment,6552111599363031565,non-sensitive
低调多年，赵丽颖哥哥终曝光，长得帅零绯闻，身家不比赵丽颖少！,news_entertainment,6552290381810106893,non-sensitive
为什么扎扎帕楚里亚被网友戏称为“闪垫侠”？,news_entertainment,6552130645336785165,non-sensitive
生活中的太子妃张天爱 网友：比做太子妃美艳,news_entertainment,6552337351002030606,non-sensitive
19年亚洲杯国足所在的C组算是上上签吗？,news_sports,6552159996241510659,non-sensitive
安德森数据依旧犀利！对比之后并没有变化，德安东尼在下一盘大棋,news_sports,6552409756328264205,non-sensitive
勒布朗已是美国各大媒体公认的历史第二人，他与乔丹的差距究竟还有多大？,news_sports,6552313655503880456,non-sensitive
骑士战胜猛龙拿到赛点，詹姆斯此项数据NBA第一，超过乔丹,news_sports,6552329024117408263,non-sensitive
凯西谈德罗赞：投不好也可以做其它事，比如防守,news_sports,6552317604382376462,non-sensitive
24+5+4，第一新秀换人！20岁天才刷爆72年历史，小詹皇被他打爆,news_sports,6552265019709456904,non-sensitive
人和逼平鲁能，京城狂涨粉，北京国安下轮有望登顶！,news_sports,6552412711362232840,non-sensitive
瓦基弗银行3:2逆转意大利冠军，晋级欧冠决赛，距离全满贯又近了一步，怎么看？,news_sports,6552288738657960195,non-sensitive
中超第九轮，山东鲁能0:0战平北京人和，错失登顶良机，怎么评价本场比赛？,news_sports,6552406355297173773,non-sensitive
为什么提起火箭队，很多球迷就会想起奥拉朱旺？,news_sports,6552467414066397454,non-sensitive
世乒赛夺冠后，刘诗雯调侃自己在职业生涯末端，两年后奥运会还能见到小枣吗？,news_sports,6552312669032939783,non-sensitive
2018年俄罗斯世界杯12座球馆巡礼——伏尔加格勒体育场,news_sports,6552291442427953677,non-sensitive
詹皇绝杀乐福21+16，骑士险胜猛龙总比分3-0，你怎么看？,news_sports,6552304132349231373,non-sensitive
联赛8轮不败+斩落领头羊 国安搅乱中超争冠格局,news_sports,6552273611615371780,non-sensitive
2019亚洲杯中国国足到底怎样做才能“夺冠”？,news_sports,6552313622704423176,non-sensitive
一水二浪三死神 浓眉做花迪做叶 横批？,news_sports,6552463488202048014,non-sensitive
杰森-特里：塔特姆打出了超过他年龄的极佳表现,news_sports,6552292746734862855,non-sensitive
多点开花，国际米兰客场大胜乌迪内斯,news_sports,6552455225951650307,non-sensitive
生猛！这个女人当4年马刺助教，现在又要去应聘主教练！,news_sports,6552430545446371843,non-sensitive
离被横扫不远？猛龙系列赛6困扰难解决：1优势骑士轻松破除,news_sports,6552478006881813000,non-sensitive
烟台企业参加广交会入账1.23亿美元,news_finance,6552374236030173700,non-sensitive
「上币公告」ABCC上线DASH、OMG,news_finance,6552183305750446600,non-sensitive
深市今日停复牌一览(5月7日）,news_finance,6552457929671311885,non-sensitive
广交会到会采购商与成交额实现双增长,news_finance,6552283541407793671,non-sensitive
职业操盘手不可外传的成交量买卖精髓，字字珠玑！,news_finance,6552022695070925326,non-sensitive
活动预告l 资管新规解读暨债市投资策略会,news_finance,6552310030106886659,non-sensitive
余额宝升级后，有两只新的货币基金，分别是博时基金和中欧基金管理，对用户有什么风险吗？,news_finance,6552401859213000963,non-sensitive
创业者应该掌握的创业理念和方法,news_finance,6552274692940497412,non-sensitive
陈柯枫：5.6黄金将继续反弹，下周操作策略,news_finance,6552187676118745614,non-sensitive
“擒龙术”核心——抓龙头让你不错过题材或者板块龙头的任何机会,news_finance,6552452707783803399,non-sensitive
信用卡逾期，已还本金10万，银行还要催收15万逾期利息怎么办？,news_finance,6552242528677003779,non-sensitive
GuruFocus创始人：股神接班人是今年最大亮点,news_finance,6552298859064721934,non-sensitive
普通外汇投资者该如何炒外汇？,news_finance,6552335213878313223,non-sensitive
5月6日股市内参,news_finance,6552464466150162952,non-sensitive
长线投资一般投资什么股票？,news_finance,6552469167885254919,non-sensitive
山西首富是个初中生，第二名和第三名的财富加起来也没首富一半多,news_finance,6552365156284760583,non-sensitive
是走还是留？15.60元的成本，只怕是无影脚的票，第二天高开出货,news_finance,6552301338103906824,non-sensitive
被大多数人忽略的买房好处，我猜你没有想到！,news_finance,6552744415880806915,non-sensitive
准备卖大米，面粉，油，应该在哪里进货？,news_finance,6552170138244743438,non-sensitive
“国六”即将实施，常用的“国三”“国四”会怎样处理呢？,news_finance,6552383398747308302,non-sensitive
山西运城的房价近期会有大的上涨吗？,news_house,6552277796377329928,non-sensitive
子女和父母在同一个户口下，如何将子女名下的房产过户给父母？,news_house,6552315323750547725,non-sensitive
房价会不会再次上涨？,news_house,6552316131120513288,non-sensitive
现在在县城买房合适吗？,news_house,6552376128122650884,non-sensitive
多个好盘入市！2406套优质房源今起登记！,news_house,6552448004974969348,non-sensitive
一个城市的发展靠的是什么？,news_house,6552414447514681614,non-sensitive
为什么现在还有人在等着房子降价再买？,news_house,6552451353103302925,non-sensitive
结婚十年公婆想全款买一套房子写他儿子的名字，生活中如果发生意外，妻子能分这套房吗？,news_house,6552316481919516936,non-sensitive
我是天水人想去西安买房定居，我的选择正确吗？,news_house,6552253461335900419,non-sensitive
买房最高补贴200万，50万安家补助！安徽这个市PK合肥人才新政！,news_house,6552281574245663239,non-sensitive
强势围观！莱芜楼市迎来“大洗牌” 这些新盘即将入市 热度爆表！,news_house,6552305714935628296,non-sensitive
成都本地人怎么看待成都的房价？,news_house,6552322994490835203,non-sensitive
「司法拍卖：理想小镇」双拼别墅 带车位/车库 南北朝向 可贷款,news_house,6552383464606269965,non-sensitive
相比起大庆的工资水平，你觉得大庆的房价高吗？,news_house,6552337214938808584,non-sensitive
深圳房价连降19个月，为什么买房者还嫌不给力？,news_house,6552352198880133646,non-sensitive
西安的房价还会涨吗？,news_house,6552165001036038414,non-sensitive
炒房是不是已经向小县城转移了？,news_house,6552266013163913486,non-sensitive
一旦房子价格暴跌，我们会面对怎样的场景？,news_house,6552324329537798407,non-sensitive
为什么越来越多的安顺年轻人到贵阳买房？,news_house,6552260668991471876,non-sensitive
建房屋第一层最高可以多少米？,news_house,6552340144026812686,non-sensitive
大家都说日本车不安全，你还会买日本车吗？,news_car,6552139303667892739,non-sensitive
最美大众，CC强势回归，网友：更加漂亮了,news_car,6552418521509265934,non-sensitive
夏日高温来，车内烫的如火烧身！装冰丝坐垫，开车出行凉爽又舒适,news_car,6552181354593780237,non-sensitive
为什么有些开好车的女生很漂亮？,news_car,6552268969774940430,non-sensitive
夏天来了，去体验一把住房车呗！,news_car,6552317675391943182,non-sensitive
6.4入手的大众高尔夫，全靠老爷子一人入手，千万不能得罪老人家,news_car,6552496028732359175,non-sensitive
为什么爱车 空调不制冷？大多数车主不清楚，搞懂后车内清凉一夏,news_car,6552244748118131203,non-sensitive
安全倒车9不要,news_car,6552353743843623438,non-sensitive
被誉为日本劳斯莱斯 丰田顶级豪车 它才是政商大佬身份的象征,news_car,6552443540461322759,non-sensitive
转型中的长安汽车，推高端品牌，7年内能达到600万的销售规模吗？,news_car,6552360908482412803,non-sensitive
小米作为手机行业的佼佼者，他在汽车行业何去何从,news_car,6552350134892495364,non-sensitive
停车先拉手刹还是先挂P档？老司机3句话让你茅塞顿开，太精辟,news_car,6552404779811734020,non-sensitive
纱窗坏了，别去维修 18年特流行这样装，防蚊防虫又保护隐私,news_car,6552281868497060359,non-sensitive
本来不打算买Giulia，但是听说降到30.08万了,news_car,6552257676884050439,non-sensitive
你的转发会帮助很多人！,news_car,6552296823027925517,non-sensitive
在北京国际车展领克展台……仿佛去了一趟游乐场？,news_car,6552439660709151240,non-sensitive
做到这几点，发动机用20年都不是问题！幸亏我知道得早,news_car,6552353263784559117,non-sensitive
汽车销售小姐最怕消费者来这3招，这些销售内幕让人心寒！,news_car,6552308154145702413,non-sensitive
雪铁龙在华销量低迷却喊出“因你不同”,news_car,6552344843513758216,non-sensitive
同一个品牌的高配汽车和低配汽车的发动机一样吗？,news_car,6552352000644743437,non-sensitive
家长们看过来，南充清泉坝将建2所学校，孩子上学不用愁,news_edu,6552480119196221966,non-sensitive
孩子学习成绩全班倒数，为什么老师不能抽时间为孩子补补课，老师不应该帮孩子提高成绩吗？,news_edu,6552332706087174408,non-sensitive
考试，县级事业单位和公务员，应该选哪个？,news_edu,6552307452954542344,non-sensitive
怎样提高阅读能力？,news_edu,6552128674819211528,non-sensitive
县城地区小学教研片英语绘本课堂教学大赛在肥东六中顺利举行,news_edu,6552437046760178183,non-sensitive
如何有效学习？,news_edu,6552411559723794692,non-sensitive
酷炫！成都一高校情侣毕业返校拍另类婚纱照,news_edu,6552425151340741124,non-sensitive
教育那些事：高考后，优势专业与学校的选择（二）,news_edu,6552427614156358151,non-sensitive
你认为班主任，老师，学生三者之间的关系是什么？,news_edu,6552353874932400392,non-sensitive
为什么山东大学会逐渐没落？,news_edu,6552336240476160264,non-sensitive
攀枝花哪些中学教学质量好？,news_edu,6552457293244399879,non-sensitive
高考分数在二本中段线，想报临床医学专业，有希望吗？,news_edu,6552394978973188365,non-sensitive
河北高校毕业生注意！你关心的就业创业政策来啦，看仔细→,news_edu,6552431945219834372,non-sensitive
上联：窗前清风拂月，有哪些合适的下联？,news_edu,6552308584842002701,non-sensitive
大学学艺术是在浪费钱？将来挣的钱要比现在花的多,news_edu,6552369133067960846,non-sensitive
浙江财经大学,news_edu,6552385744189522435,non-sensitive
"怎么理解网上对这句「I like you, but just like you」 的翻译？",news_edu,6552458248950120712,non-sensitive
原来暑假可以这样玩，家门口的异国文化盛宴！,news_edu,6552412407409410573,non-sensitive
一夜之间，芝麻分更新，7亿支付宝用户沸腾，你芝麻分涨了多少？,news_tech,6552434977550631432,non-sensitive
码商的福音！1688把货源搬进支付宝二维码 进货收钱一“码”事,news_tech,6552358736696967694,non-sensitive
传小米阿里舜宇等八家公司列首批CDR名单,news_tech,6552286856447263246,non-sensitive
如何查找静电？,news_tech,6552287158651060493,non-sensitive
区块链极简史2：比特币的转账机制 CCR炒币机器人,news_tech,6552332417779106318,non-sensitive
工信部：我国将加快制定服装大规模定制相关标准,news_tech,6552420737083245059,non-sensitive
自动驾驶、医疗、能源……一季度融资最多的人工智能公司,news_tech,6552273484951585284,non-sensitive
几乎每一个银行工作人员都劝说顾客，不要把钱存入余额宝，对此你怎么看？,news_tech,6552262852969758989,non-sensitive
用微信做淘宝客怎么样才能精准吸粉？,news_tech,6552319796417921284,non-sensitive
雷军当年提出飞猪理论的时候，一定没想过会这样害人不浅！,news_tech,6552265044569096711,non-sensitive
黑科技领路人！三星S10再曝：100%真全面屏稳了！,news_tech,6552475490827895300,non-sensitive
经济学家吴敬琏为什么反对“不惜代价发展芯片产业”？,news_tech,6552243666394546436,non-sensitive
小米会布局除cpu以外更多的芯片吗？,news_tech,6552245081091342595,non-sensitive
恶搞漫画：金融危机对生活的影响,news_tech,6552389188782653955,non-sensitive
查理芒格谈人工智能：炒作过多 还不能大规模取代人类,news_tech,6552258243723264519,non-sensitive
几乎每一个银行工作人员都劝说顾客，不要把钱存入余额宝，对此你怎么看？,news_tech,6552402238512300291,non-sensitive
科普：使用微信付钱，这两个安全功能一定要打开，不然后悔！,news_tech,6552310121278472712,non-sensitive
阿里旗下支付宝有梦想有情怀，码商成长计划承诺助力小微企业成长,news_tech,6552396325411881486,non-sensitive
阿里云在全球处于一个什么地位？,news_tech,6552430197126201603,non-sensitive
以色列警告称如果战机被击落将会轰炸俄军事基地，你怎么看？,news_military,6552477261017121027,non-sensitive
"如何看待美国将长时间停止对""白头盔""组织的资金供应？",news_military,6552229254107496707,non-sensitive
中国辽宁航母战斗群的战斗力如何？,news_military,6552397007984525571,non-sensitive
为什么西方国家不直接空袭叙利亚总统府，是怕吗？,news_military,6552134542650507523,non-sensitive
美网络司令部升级 日裔陆军上将中曾根就任新司令,news_military,6552384749879427598,non-sensitive
以色列警告称如果战机被击落将会轰炸俄军事基地，你怎么看？,news_military,6552256872244576519,non-sensitive
世界高超音速武器哪家强？中俄领先 美国已落伍,news_military,6552273573241684483,non-sensitive
红海行动中，队长他们解救人质后为什么不直接偷坦克离开，而要和恐怖分子爆发冲突？,news_military,6552432068331045134,non-sensitive
二战时候，如果美国不参战，现在会是什么样？,news_military,6552392438671999246,non-sensitive
如果现在一架最先进的战斗机穿越至秦朝坠毁，你觉得秦朝人能逆向出什么黑科技？,news_military,6552269132195168516,non-sensitive
明知木质甲板易燃防护性差，为何二战时日本航母偏要用木质甲板？,news_military,6550962683154268419,non-sensitive
四野在东北的武器装备是哪里来的？,news_military,6552352655987966212,non-sensitive
退伍军人身上都有这3个“坏毛病”！百分之九十的人跑不掉,news_military,6552277482186211853,non-sensitive
无人机直接撞向美航母 这国凶狠手段连俄罗斯都自愧不如,news_military,6551967839236915726,non-sensitive
军事介入叙利亚超2年，军费超50亿，为什么普京却笑开了花？,news_military,6552379904967573763,non-sensitive
以色列警告称如果战机被击落将会轰炸俄军事基地，你怎么看？,news_military,6552320216016093448,non-sensitive
美国有飞机墓场，而乌克兰有坦克墓场，但境遇大不相同,news_military,6552439446715761156,non-sensitive
对越反击战打草惊蛇战术妙，坑死越军1个加强排,news_military,6552469535096570382,non-sensitive
国内海军驱逐舰发展沿革,news_military,6552273325781942787,non-sensitive
为什么亮剑里边赵刚大学刚毕业到部队就是团政委？,news_military,6552311625620128007,non-sensitive
探秘最后的香格里拉之魂，纵使错过全世界，也不愿意错过你,news_travel,6552331203700064772,non-sensitive
平遥古城游记,news_travel,6552469598875156999,non-sensitive
去北海道，有什么推荐新奇的温泉胜地吗？,news_travel,6552344755538231815,non-sensitive
周末去哪儿？来安徽感受国家级绝美风景道,news_travel,6552414899950060039,non-sensitive
远行吧！来一场想走就走的旅行,news_travel,6552448427626594829,non-sensitive
亿航在西安的无人飞机秀演砸了，但并不影响继续它的表演,news_travel,6552389400028774926,non-sensitive
登高投身云海间，早晨抚摸阳光炊烟，荡漾湖上与湖怪嬉戏,news_travel,6552454141652763149,non-sensitive
长汀连城两日游，走过古城，探访培田古民居，登顶冠豸山,news_travel,6552476438526689805,non-sensitive
尼山圣地孔子湖畔千人徒步 快乐行走欣赏尼山美丽风光,news_travel,6552379385620464141,non-sensitive
有哪些日漫中有浪漫的樱花场景？,news_travel,6552164772580688131,non-sensitive
湖北宜昌：最浪漫的相亲节在薰衣草花海中举行！,news_travel,6552485699130491395,non-sensitive
泰山游记——一个人的自驾之旅,news_travel,6552269903129215501,non-sensitive
到广西旅行这几个神秘秘境，让人身临其中，仿佛世界在脚下,news_travel,6552364941871940109,non-sensitive
为什么许多中国人喜好去泰国，而不去三亚？,news_travel,6552424427252875528,non-sensitive
五一小长假首日：通道侗寨游人如织,news_travel,6552349396862763527,non-sensitive
靠花47亿维持的中国沙漠第一湖，旺季门票不下百元！,news_travel,6551958358578954765,non-sensitive
旅行是一种爱好，了解新鲜的事物,news_travel,6552287191421157902,non-sensitive
珠海国际会展中心斩获行业大奖 推动珠海市会展旅游产业加快发展,news_travel,6552295831205052936,non-sensitive
贵州省遵义市湄潭县辖区内旅游景点简介,news_travel,6552254353258840579,non-sensitive
从北京自驾去新疆怎么走合适？,news_travel,6552221393000333581,non-sensitive
作为俄罗斯总统，普京上台以来有哪些失误？,news_world,6552130969510347022,non-sensitive
哈尔滨一弃婴被荷兰父母领养，16年后凭一张纸条回来寻亲，你怎么看？,news_world,6552367905202241805,non-sensitive
怎么评价普京？,news_world,6552472275822575885,non-sensitive
美国参议员麦凯恩说他的葬礼上不请特朗普，大家怎么看？,news_world,6552439468391923981,non-sensitive
为什么说种姓制度制约了印度的发展？连阿米尔汗都承认这点,news_world,6552466444217483790,non-sensitive
如果日本国土滑向海沟沉没，要求中国人民收留，作为中国人你会接受日本人吗？,news_world,6552337945792086280,non-sensitive
美智库：中国科研经费飙升装备加速突破将损害美国优先,news_world,6552369813862220291,non-sensitive
希特勒和拿破仑都在俄罗斯折戟沉沙，难道俄罗斯真的不可战胜吗？,news_world,6552480554443342093,non-sensitive
美国参议员麦凯恩说他的葬礼上不请特朗普，大家怎么看？,news_world,6552364382259511566,non-sensitive
巴基斯坦两处煤矿发生矿难致18人死亡,news_world,6552275817391456776,non-sensitive
直击：美国历史上第一位平民黑人总统的成长经历,news_world,6552448014219215363,non-sensitive
侣行在伊拉克，叙利亚等的土豪行为，为后来的探险家造成巨大的伤害，您怎么看？,news_world,6552476919265231118,non-sensitive
鲁哈尼：如果美国退出核协议，将会感到“前所未有”的后悔！,news_world,6552444415451857421,non-sensitive
如果发达国家都在非洲，其他地区都是发展中国家的话，我们的审美是否会趋向认为黑种人比黄、白人种好看？,news_world,6552358932403192071,non-sensitive
朝鲜5日零时起 启用新平壤时间 与韩国统一时区,news_world,6552146982285083149,non-sensitive
作为俄罗斯总统，普京上台以来有哪些失误？,news_world,6552297287563870478,non-sensitive
为什么外国元首会见特朗普女儿伊万卡时都很开心？,news_world,6552455159631315213,non-sensitive
和中国最友好的国家,news_world,6552340484428136967,non-sensitive
读老报：99年肯尼迪二世坠亡事件，肯尼迪这个家族总出大事情,news_world,6551896429760086532,non-sensitive
为何奥巴马刚上台就获诺贝尔和平奖？他给世界带来和平了吗？,news_world,6552388625957388552,non-sensitive
玉米心叶展不开是什么原因导致的？,news_agriculture,6551646006751002893,non-sensitive
老婆非要装马桶，农村我只习惯蹲坑！最后还是老妈有办法,news_agriculture,6552226193133797892,non-sensitive
降低郁闭果园密度！烟台大樱桃老果园改造关键技术,news_agriculture,6552361569248870919,non-sensitive
一个只有六户人家的偏远山村，只见到三户，看看都拍到了些什么？,news_agriculture,6552154847863374350,non-sensitive
怎样防治小麦秆锈病？,news_agriculture,6552349984405061895,non-sensitive
90后小伙用区块链养鸡一年时间完成10万+会员认养吸引资本数千万,news_agriculture,6552277351445561870,non-sensitive
现在农村人为什么都不种地了？,news_agriculture,6552422744871403789,non-sensitive
世界上最奇葩的水果，你未必都见过，吃过其中的一种我就服你,news_agriculture,6552413957380899335,non-sensitive
为什么早市蔬菜那么新鲜？,news_agriculture,6552274282032923149,non-sensitive
农村葬礼，随了份子后菜没吃上，只喝了几口汤,news_agriculture,6552294471449444878,non-sensitive
还大热天在瓜棚照看瓜吗？有了这“黑科技”，随时随地查看地里瓜,news_agriculture,6552161256785052167,non-sensitive
懒人适合种的果树：长得多、好打理，你吃过几种？,news_agriculture,6552298092408865283,non-sensitive
成年牛要想放牧育好肥，掌握方法是关键,news_agriculture,6552463379565380100,non-sensitive
大胃王密子君直播吃重庆老火锅，服务员在旁边不停加菜，真心疼,news_agriculture,6552375432849654285,non-sensitive
产蛋率有下降了，高手有几点指导意见,news_agriculture,6552290207910068739,non-sensitive
农村小伙教你几招：轻松挑选出优质的东北大米,news_agriculture,6552475323152204292,non-sensitive
水泥钢筋价格大幅度的上涨，农村自建房怎么办？,news_agriculture,6552306181845549315,non-sensitive
现在农村都兴种这种果树了，好打理、易结果，一年都不吃完,news_agriculture,6552339068653404676,non-sensitive
为什么果树旺长不结果？为什么果树结果很少？如何改造成高产树？,news_agriculture,6552431726319108356,non-sensitive
《王者荣耀》韩信偷鲲这个梗是从哪里来的？,news_game,6514205024938098958,non-sensitive
《DNF》玩家感叹；当时迫不及待头脑发热了一下，现在后悔莫及！,news_game,6551897008574038535,non-sensitive
LOL每天后半夜都会有自动送人头的，都是0-几的，查看战绩都是连输的，这是为什么？,news_game,6552285136660988174,non-sensitive
UZI直播黄金分段，却被国服路人单杀！玩上单薇恩遭疯狂制裁！,news_game,6552473493194146312,non-sensitive
我们快被群里的小程序游戏逼疯了！分享几个解决办法……,news_game,6552082887972225540,non-sensitive
LPL冠军UZI虎牙直播首秀 弹幕人气排行双双第一！400万爆炸人气！,news_game,6552468310510797319,non-sensitive
大吉大利，晚上吃鸡，来看你是那种吃鸡选手！,news_game,6552393563148124685,non-sensitive
王者荣耀：玩家炫耀15万金币账号，却被网友一张图打脸扎心了！,news_game,6552378234917356039,non-sensitive
《魔兽争霸3》的职业选手，能打赢两个业余选手吗？,news_game,6552459783343964424,non-sensitive
DNF：在游戏中最让人无奈的事情有哪些？,news_game,6552460315865383175,non-sensitive
梦幻西游：掉须弥只是逆袭的开始？喜闻乐见的结局,news_game,6552436941210518023,non-sensitive
《空洞骑士》值得入手吗？,news_game,6552261974535700750,non-sensitive
DNF：魂牛记录再次刷新，剑魂携驱魔弹药奶爸47层通关成功！,news_game,6552246460052668936,non-sensitive
吃鸡游戏里一百个人里哪些是人机？,news_game,6552378058580427011,non-sensitive
爆爆，呆呆，阿木木历，汤米，清水，暗墨，星星知多少，大海，火焰，楚河…你们更爱谁？,news_game,6552392702023958797,non-sensitive
王者荣耀：5个“小学生”最爱的英雄，进去就秒选的要小心了,news_game,6552485879582032398,non-sensitive
互粉有效性和原创收益实测分析，大家根据实际情况进行选择！,news_game,6552360074893853197,non-sensitive
王者荣耀：妹子刚上铂金就被封号，理由很搞笑，网友却直呼好傻,news_game,6552382400649757191,non-sensitive
MSI入围赛第一支晋级战队诞生！中国队的老朋友,news_game,6552478452266566158,non-sensitive
《碧蓝航线》舰娘120级排行榜 舰b120级PVE节奏榜,news_game,6552386978669658632,non-sensitive
如果能带五本书穿越到古代，你会带哪五本？为什么？,news_culture,6552201057550729475,non-sensitive
如何在社会中成长？,news_culture,6552418032864461059,non-sensitive
下联：饱暖思淫欲。请赐上联？,news_culture,6552389747883376909,non-sensitive
迷失在历史长河中的陕西茯茶文化还能归位吗？,news_culture,6552450531242017032,non-sensitive
福建茶企举办全球品鉴会 首站走进厦门,news_culture,6552370157333774852,non-sensitive
特朗普跟里根有可比性吗？,news_culture,6552345593061048589,non-sensitive
文化产业管理专业就业前景如何？,news_culture,6552400131654680845,non-sensitive
金庸笔下的男主角谁最厉害？,news_culture,6547925235021119758,non-sensitive
上联：星繁风幽催叶梦，下联你怎么对？,news_culture,6552416908342198542,non-sensitive
上联：池畔蛙鸣，应知红短绿长，怎么接下联？,news_culture,6552128603117584653,non-sensitive
上联是：柳映池塘鱼上树，如何对下联？,news_culture,6552228068151263502,non-sensitive
论雅俗共赏，我只服他,news_culture,6552356222215913988,non-sensitive
秦腔流派介绍：衰派，马连良称赞他是“衰派老生中的一绝”,news_culture,6552266708755677700,non-sensitive
河南话和广东话哪个更像是古汉语？,news_culture,6552482679923671310,non-sensitive
黎伟明将与法意艺术家在深圳联展,news_culture,6552168179630604814,non-sensitive
晋唐小楷八种《唐刻宋拓晋唐小楷八种》大图欣赏，清代集本,news_culture,6552315996021981710,non-sensitive
在和女生聊天的时候，如何快速找到话题？,news_culture,6552364863409094925,non-sensitive
正能量 正楷标准教程4,news_culture,6552384975134523918,non-sensitive
关于《红楼梦》中的那些经典词句，你读懂了多少？,news_culture,6552408920311202317,non-sensitive
刷爆朋友圈的综艺回归！《朗读者Ⅱ》有了新变化……,news_entertainment,6552416586274177544,non-sensitive
《昆池岩》开启恐怖片热潮，今年的十大海外惊悚片你最期待哪部？,news_entertainment,6552450352333980168,non-sensitive
快乐大本营谢娜回归众人都发文欢迎 为什么独独吴昕没有动静？,news_entertainment,6552341111682105863,non-sensitive
盘点漫威电影人气最高10位女主角：黑寡妇排第10 第一名是她,news_entertainment,6552319781154849288,non-sensitive
那些怀孕还坚持拍戏的女明星，蔡少芬最敬业，她就有点尴尬了！,news_entertainment,6552477112601674253,non-sensitive
林嘉绮出席发布会，网友：她的每一次转身，就没让我们失望过,news_entertainment,6552379844989026829,non-sensitive
5步计划开始你的演艺事业,news_entertainment,6552264730453475847,non-sensitive
何老师希望谢娜下辈子是他的“路人”,news_entertainment,6552425051000406542,non-sensitive
「王源壁纸」就喜欢看你那纯真的笑容,news_entertainment,6552294600445264388,non-sensitive
当红女星的十八岁：迪丽热巴古力娜扎参加虞姬海选，范冰冰当丫鬟,news_entertainment,6552467409620435464,non-sensitive
公子扶苏为何心甘情愿自尽？,news_entertainment,6552388102906708237,non-sensitive
杨幂黑色礼服秀性感香肩，精修图温婉动人，无精修的你觉得怎样？,news_entertainment,6552421804667830788,non-sensitive
用“女儿裸照”赚钱，这种也配称之为“妈妈”？,news_entertainment,6552466802226496008,non-sensitive
"孔令辉说出当年分手实情，马苏成“万人睡”, 数十名男星被牵连",news_entertainment,6552469496739660292,non-sensitive
谢娜创吉尼斯纪录，你知道是哪两项吗？,news_entertainment,6552341998349582856,non-sensitive
他曾红过释小龙，误入歧途坐牢10年，如今洗心革面重新做人！,news_entertainment,6552256431398060547,non-sensitive
《彼得兔2》定档 萌贱小兔2020年2月7日将归来,news_entertainment,6552276831771296263,non-sensitive
49岁邓文迪，网友：霸气侧漏，如此汹涌澎湃！,news_entertainment,6552396401978901006,non-sensitive
一个人的微博账号透露了哪些信息？,news_entertainment,6552133237236302088,non-sensitive
四国青年女篮亚特拉斯赛在秀举行,news_sports,6552431568378397197,non-sensitive
史蒂文斯神奇调整凯尔特人加时再胜76人，苏群：76人完了,news_sports,6552251683378823684,non-sensitive
大连海那么多，都有什么海上游乐项目？,news_sports,6552246563991716100,non-sensitive
德罗赞连续13场季后赛面对骑士没有投进三分,news_sports,6552317618647204356,non-sensitive
亚洲杯分组国足抽得上上签，国足就一定能出线吗？,news_sports,6552329149871030542,non-sensitive
撒彩纸也不看清楚，打扫了足足七分钟！凯尔特人窃喜中！,news_sports,6552280342454075917,non-sensitive
时间过去将近两年了，大家是如何看待杜兰特加盟勇士这件事情？,news_sports,6552281514569105672,non-sensitive
卡拉斯科的底线过人和本泽马的哪个更优秀？,news_sports,6552258575102640647,non-sensitive
NBA如果用带队能力给现役球星排名，前五都有谁？,news_sports,6552413223063126280,non-sensitive
延边富德怎么了？主帅朴泰夏怎么了？,news_sports,6552132778392027655,non-sensitive
米体：比格利亚将在意大利杯决赛中复出,news_sports,6552839162100187662,non-sensitive
男乒世乒赛九连冠,news_sports,6552474943781601806,non-sensitive
郭跃在社交平台上说丁宁，每次输掉比赛都说受伤，对此你怎么看？,news_sports,6552143418888290564,non-sensitive
猛龙主教练跟泰伦卢在这个系列赛的执教水平你怎么看？,news_sports,6552317499189231875,non-sensitive
5战115分，隔扣被犯规还“口出狂言”，球迷：听这话就有巨星潜质,news_sports,6552359913039856132,non-sensitive
你们觉得李秋平加盟山东队的可能性大吗？,news_sports,6552351022725988611,non-sensitive
亚洲杯小组赛中国队赛程出炉：首战吉尔吉斯斯坦,news_sports,6552839148892324359,non-sensitive
cba历史上最差的小外援是谁？,news_sports,6552350810351599880,non-sensitive
姚明的“奥运第四问”：盼00后运动员继续为国旗奋斗,news_sports,6552274322960941575,non-sensitive
女排欧冠半决赛，瓦基弗银行3:2险胜科内利亚诺，你怎么看？,news_sports,6552282971049558286,non-sensitive
黄金原油下周走势分析,news_finance,6552281264852828685,non-sensitive
一斤两块五的青菜人都买的吃，为什么两块五的股票没人买呢？,news_finance,6552343939049849101,non-sensitive
上证指数目前已形成2次的超大单资金的底背离了，已有条件见底了,news_finance,6552469199271232014,non-sensitive
为什么《英雄联盟》国服皮肤卖那么贵？,news_finance,6552430268475506948,non-sensitive
交通银行东方航空信用卡申请难吗？白金卡比较难入手,news_finance,6552326526963024391,non-sensitive
环保中小企业享受减税利好，环保装备制造企业同步起飞,news_finance,6552467954926092807,non-sensitive
力帆股份再启定增 拟募资24亿元投新能源汽车产业链,news_finance,6552431024020652548,non-sensitive
震荡行情和单边行情如何区分？,news_finance,6552442691706159373,non-sensitive
宿城举办现代服务业招商推介会 28个项目成功签约,news_finance,6552251579871789581,non-sensitive
龚方雄：BAT回归将加速中国资本市场的机构化和国际化,news_finance,6552468628803944973,non-sensitive
普通外汇投资者该如何炒外汇？,news_finance,6552339048877261064,non-sensitive
宋鸿兵的《货币战争》这本书可信度有多高？,news_finance,6552253890295759107,non-sensitive
两市晚间公告一览：一公司24.8亿投新能源汽车！股民：这够吗,news_finance,6552423809478033924,non-sensitive
黄金周评：非农意外利多黄金维持震荡，多头发力上方阻力重重,news_finance,6552366946933801485,non-sensitive
深度好文：中国制造业需要摆脱三个陷阱,news_finance,6552455207815479822,non-sensitive
关于均线系统，有什么独特的、有效的见解跟设置用法吗？,news_finance,6552491711287787780,non-sensitive
西安房价还会涨吗？几方面分析西安房市水平！,news_house,6552364125538746893,non-sensitive
2018年下半年的房价还会涨吗，何时入手是最佳时期？,news_house,6552273262766719245,non-sensitive
贷款买房要趁早！下月利率有望迎来“16连涨”,news_house,6552031238398411267,non-sensitive
住房公积金贷款如何申请到高额度？,news_house,6552135814120210695,non-sensitive
石家庄买房可以买样板房吗？样板房到底能不能买？,news_house,6552334474917445896,non-sensitive
五月份是买房的好时间吗？,news_house,6552460291588751624,non-sensitive
昌黎县房价怎么样？,news_house,6552302509057114372,non-sensitive
一起看房的哥们说房价1万太扯淡了，后来四万多一平，哥们蒙圈了,news_house,6552043051609489934,non-sensitive
日本楼市泡沫到后期是怎样一副光景？,news_house,6552433957302960397,non-sensitive
郑州房产中介到底有多坑爹？,news_house,6552346823514652935,non-sensitive
拆迁中，理由一定要实事求是，以免弄巧成拙,news_house,6552290644356760068,non-sensitive
南京六合区地铁口别墅！金牛湖嘉恒有山总价180万起！嘉恒有山,news_house,6552403915034329607,non-sensitive
这些城市，正在拿命欢迎你,news_house,6552458405238276611,non-sensitive
瞭望刊文：房地产税改革渐行渐近，还需突破四个阻力区,news_house,6552292298632200717,non-sensitive
ANZ用五张图大胆预测：澳大利亚房价在今年会停止下跌并开始上涨,news_house,6552375430064636429,non-sensitive
未来房价会跌到什么程度？,news_house,6552415010939732227,non-sensitive
买房银行审批通过但就是不放款，怎么办？,news_house,6552473682587943182,non-sensitive
房价终于跌了？“深圳房价19连跌”,news_house,6552263560813085197,non-sensitive
2018年，东风商用车这些事值得关注！,news_car,6552460461692944903,non-sensitive
如果给你三十万，你会选择什么车？,news_car,6552324635537441038,non-sensitive
雷克萨斯科幻车亮相，造型更激进，剑指宝马X6,news_car,6552430127643361799,non-sensitive
别被大屏、天窗所迷惑，不管高配、低配，这些车载配置不能省,news_car,6552460858440548872,non-sensitive
预算十万元买什么SUV好？,news_car,6552458420534903048,non-sensitive
国产沃尔沃，安全性能第一，故障率几乎为0，为何没人买？,news_car,6552345045792456973,non-sensitive
延续王者风范，全新一代奔驰G63正式亮相,news_car,6552455573227438605,non-sensitive
雅阁，凯美瑞，天籁后期费用，大约都多少钱？,news_car,6552380007728021764,non-sensitive
Honda为中国市场打造专属车型亮相上海，众多焦点车型展出！,news_car,6552303649492566542,non-sensitive
新能源汽车展在南京9月14日举办汽车行业盛宴,news_car,6552401233238295054,non-sensitive
只有6万现金，想买个合资车型，有没有可以推荐的？,news_car,6552440847915286788,non-sensitive
从遭人嫌弃到最具黑马潜质！这款SUV终于要翻身了,news_car,6552444348703703559,non-sensitive
5秒破百/纯电续航44km，新款保时捷卡宴插混版曝光,news_car,6552486949976801806,non-sensitive
十年车龄的蓝色日产370Z，夜惑街头！,news_car,6552264555664245252,non-sensitive
开阳拉力赛赛道封路不要怕，赛道消息抢先知~,news_car,6552440018986598926,non-sensitive
为你的情怀买单！JEEP全新指南者震撼来袭，霸气侧漏，售价感人,news_car,6552349681836360199,non-sensitive
虽是冷门但也是好车，居然也有大众！,news_car,6552303053679100430,non-sensitive
夏天来了，钥匙别往裤兜塞，试试这6款多功能钥匙包，实用有格调,news_car,6552324377428361731,non-sensitive
5月6日09:23，津沧高速驶往沧州方向K47处的事故处理完毕；京哈高速驶往哈尔滨方向K81处的事故仍在处理中,news_car,6552272380138357256,non-sensitive
汽车暴晒像蒸笼？越来越多司机装“太阳伞”，车内比开空调还凉爽,news_car,6552361156177035780,non-sensitive
今日就教大家复原魔方的方法,news_edu,6552420339438060039,non-sensitive
地理考试加油！,news_edu,6552380233704538638,non-sensitive
婺州家庭教育大讲坛暨环小暖爸活动在中国婺剧院举行,news_edu,6552402863065137667,non-sensitive
这样的老师最受学生欢迎！,news_edu,6552453922559099400,non-sensitive
教师通宵批改试卷猝死家中，其妻申请工伤或法院支持告诉我们什么,news_edu,6552311349475541517,non-sensitive
幽默大学第2课：幽默基本公式之连接词,news_edu,6552467344646472205,non-sensitive
北大最有名的建筑之一，共产党早期组织在此成立，影响毛主席一生,news_edu,6552346158956544516,non-sensitive
李永培：课程方案调整、高中教材变革将倒逼高考改革进一步深化,news_edu,6552378848917324292,non-sensitive
沪上中小学今年第一波毕业照出炉啦，你也晒晒自己的吧！,news_edu,6552450606110343683,non-sensitive
石家庄铁路职业技工学校2018年招生简章,news_edu,6552340481781531149,non-sensitive
女子科目二满分网上却显示零分 工作人员：只能再考,news_edu,6552130501967086083,non-sensitive
现在的职业学校能真正学到技术吗？,news_edu,6552331086767063304,non-sensitive
短文 回忆高三,news_edu,6552410076773089799,non-sensitive
高数难学吗？,news_edu,6552329452058050820,non-sensitive
OPPO成功的秘诀是什么？有什么可以学习的吗？,news_edu,6552131120245244168,non-sensitive
美国是怎样进行爱国主义教育的？,news_edu,6552481254074220808,non-sensitive
高考选专业是自己决定还是由父母决定好？,news_edu,6552386823505576195,non-sensitive
快中考了，父母怎样配合孩子能考出个好成绩？,news_edu,6552378958287995140,non-sensitive
能进阿里巴巴集团做管理层领导的人，出来创业成功率能达百分之八十吗？,news_tech,6552400550288163079,non-sensitive
除了华为、阿里巴巴以外，你还知道哪些称霸世界的中国高新企业？,news_tech,6552284320730448132,non-sensitive
腾讯没有梦想,news_tech,6552391696343106056,non-sensitive
OTT只能卖开机？酷开网络用活动让广告“玩”起来,news_tech,6552359702649373191,non-sensitive
高度发达的外星人有复活死人的科技吗？,news_tech,6552355069688283400,non-sensitive
小程序逐渐成为人们生活一部分，微信生态规则与流量玩法 资源,news_tech,6552366816449004040,non-sensitive
《2018年春季深圳人才供需与流动报告》发布，平均42人竞争一个职位！,news_tech,6552307873945223683,non-sensitive
店铺开了快两个月了，换类目后每天一两个访客不知道怎么办？,news_tech,6552345078726131975,non-sensitive
2018.5.6币值排名前20 总市值突破30000亿,news_tech,6552273749595390478,non-sensitive
如何做到更好的设计、更高的质量、更低的价格、更多的收益？,news_tech,6552229877133607431,non-sensitive
新买的电脑只有一个C盘，如何增加分区？,news_tech,6552474143894274308,non-sensitive
芝麻信用分又更新了 马云：给600分以上福利！你芝麻分够吗？,news_tech,6552411484943548941,non-sensitive
是充电一夜对手机损害大还是电量没用完就充电损害大？,news_tech,6552425459265569037,non-sensitive
支付宝-好医保VS微信-微医保,news_tech,6552429172440957444,non-sensitive
谁有好的微信头像可以分享？,news_tech,6552333422973419784,non-sensitive
有哪些我们很少关注的国家，却有着全球前列的科技产品？,news_tech,6552394606397358339,non-sensitive
在淘宝上面做分销商，怎么发货？,news_tech,6552415641087770888,non-sensitive
“国民技术”的产品都应用在什么地方？,news_tech,6552338041384468749,non-sensitive
微信小程序开发需要用到哪些？,news_tech,6552128599271407876,non-sensitive
有人说日本要是不参与第二次世界大战，现在世界上最强大的国家非日本莫属，你怎么看？,news_military,6552280473840648456,non-sensitive
第一次车臣战争，俄罗斯面对小小的车臣为什么损失惨重？,news_military,6552453638093013256,non-sensitive
二战时候的日本轰炸机一次带多少炸弹？,news_military,6552278203098988808,non-sensitive
以色列警告称如果战机被击落将会轰炸俄军事基地，你怎么看？,news_military,6552285030389907719,non-sensitive
我国古代就有火炮，为什么没有继续微型化发展出火枪？,news_military,6552289699279405325,non-sensitive
不考虑核武器，只是常规武器，美国多久能打赢俄罗斯？,news_military,6552309217670201608,non-sensitive
央视聚焦国产航母诞生地，位于武汉的这个研究所实力刷屏,news_military,6552361528698339848,non-sensitive
全程2000公里，历时5年的京九铁路为何才耗资507亿？,news_military,6552285197444841742,non-sensitive
以色列警告称如果战机被击落将会轰炸俄军事基地，你怎么看？,news_military,6552426298721960196,non-sensitive
为什么这么多年阿富汗总是战乱不断？,news_military,6552284219148599566,non-sensitive
特朗普从叙撤军？原来是条阴险的诡计！,news_military,6552434372245455364,non-sensitive
以色列警告称如果战机被击落将会轰炸俄军事基地，你怎么看？,news_military,6552342634201874695,non-sensitive
“中国标准”名扬苏丹维和任务区,news_military,6552260625836278276,non-sensitive
联合国安理会改革废除一票否决权，会导致什么后果？,news_military,6552332698080248068,non-sensitive
为什么从1969年登月成功后再也没尝试登月? 在怕什么？,news_military,6552438924889817358,non-sensitive
印度建造的第一艘国产航母，为何先后用了20多年时间？,news_military,6552063551509364999,non-sensitive
19岁的对越反击战烈士：如果有机会上战场，我一定冲在最前面,news_military,6552284650264330759,non-sensitive
人被原子弹炸死时，到底有多痛？,news_military,6552489020515942660,non-sensitive
如果以色列与伊朗发生战争，谁赢的可能性最大？,news_military,6552452487767392525,non-sensitive
“东方莱茵河”竟然藏在京郊这座又大又美的公园内！关键免费玩！,news_travel,6552272985430950407,non-sensitive
一辈子就一次的大四毕业，该选择旅行还是抓紧时间实习？,news_travel,6552363216788259086,non-sensitive
为什么许多中国人喜好去泰国，而不去三亚？,news_travel,6552364919411441927,non-sensitive
来文山玩，可以带什么特产？,news_travel,6552143078449217806,non-sensitive
全国十大重点产茶县之一“寿宁”,news_travel,6552455164530262542,non-sensitive
3个月贡献392亿，中国游客去日本却不为旅游观光，到底为的什么？,news_travel,6552244440444961283,non-sensitive
全国这8个5A级别的旅游古城镇，你去过几个？,news_travel,6552359795070861831,non-sensitive
南宁城市怎么样？适合东北人生活吗？,news_travel,6552331837639753987,non-sensitive
这就是西藏！,news_travel,6552471288714101255,non-sensitive
除一些必备物品外，旅行时还有哪些省空间少重量又实用的东西？,news_travel,6552424837086708238,non-sensitive
贵州六盘水的这几个景点，错过一个你都会觉得可惜！,news_travel,6552321020722676228,non-sensitive
他们将家猪丢弃在无人岛，几年之后，它们的生活竟是这样的！,news_travel,6552154233175540231,non-sensitive
来四川旅游必去的八大景点,news_travel,6552393711643263496,non-sensitive
千姿百色弄秋光，求对子？,news_travel,6552389101813760259,non-sensitive
为什么要来这里看映山红？北京这处抗战圣地有着悲壮的经历,news_travel,6552245876306215438,non-sensitive
来一场说走就走的旅行，陕西宝鸡红河谷走起,news_travel,6552267893738832398,non-sensitive
四川游客张某带着六名女子在三亚沙滩烧烤被撒沙，这事你怎么看？,news_travel,6552463286225338632,non-sensitive
农村集市上这些的东西，真的是便宜又好吃，简直赚大了,news_travel,6552304224569393677,non-sensitive
全世界最出名的猫，它数第二，没人敢数第一了吧,news_travel,6552178256966058504,non-sensitive
易县最美的五月，蓝色油菜花开好了,news_travel,6551491189198029316,non-sensitive
假如日本沉没，日本冲绳人迀移中国你会接爱吗？,news_world,6552226122975674638,non-sensitive
108岁老人还下地干活，捉100只虾给家人做菜吃，还会喂给儿孙吃！,news_world,6552459436139479555,non-sensitive
美国建国不过两百年，为什么会成为世界强国？,news_world,6552318498788344078,non-sensitive
这个13岁女孩从荷兰来到萍乡，只为全城寻找她的亲生父母！,news_world,6552270365001777668,non-sensitive
如果美国各个州独立了，世界格局会发生什么变化？,news_world,6552423223051419912,non-sensitive
全球7对另类“神奇情侣”大比拼，让人啧啧称奇！,news_world,6552454947382755848,non-sensitive
2018年美国中期选举，你认为特朗普会下台吗？,news_world,6552485388844269837,non-sensitive
厨师的出路在哪里？,news_world,6552422469519540488,non-sensitive
印度 女孩遭15人绑架/村委会：罚两人做俯卧撑,news_world,6552428749642531335,non-sensitive
美国究竟发达到什么程度了？,news_world,6552316767996215560,non-sensitive
如果美国各个州独立了，世界格局会发生什么变化？,news_world,6552445612715933959,non-sensitive
美国建国不过两百年，为什么会成为世界强国？,news_world,6552419386114703619,non-sensitive
纠结七天的日本行程，关西进出该不该去东京？,news_world,6552491187465355523,non-sensitive
印度能够复制中国奇迹，超过日本成为世界第三大经济体吗？,news_world,6552218782532632840,non-sensitive
